n,name,enname,jpname,text,colorscheme,Moldbreaker,gen,对战外,对战中,Skillswap,Trace,Change,Noability,Entry,Transform,oldname
15,不眠,Insomnia,ふみん,因为有着睡不着的体质，所以不会陷入睡眠状态。,清晨,y,3,,"该特性的宝可梦不会陷入睡眠状态，睡觉招式会无效。陷入睡眠的宝可梦获得该特性时睡眠状态消除。
烦恼种子可以使宝可梦变成该特性。",,,,,,,
11,储水,Water Absorb,ちょすい,受到水属性的招式攻击时，不会受到伤害，而是会回复。,水,y,3,,"具有该特性的宝可梦不受水屬性招式的影响，当被水属性的招式击中时，回复最大ＨＰ的1⁄4。
该特性只能确保自己不受水属性招式的伤害，不能吸引水属性招式。
可以抵御水属性的变化招式。包括通过其他方式变为水属性的变化招式。
对于连续招式，只会触发1次特性效果。
触发该特性时，与没有效果相同，不会触发招式的附加效果。
该特性的宝可梦无法触发自身携带的球根或光苔。
该特性的宝可梦进入守住状态无法通过被水属性招式击中回复ＨＰ。",,,,,,,
17,免疫,Immunity,めんえき,因为体内拥有免疫能力，不会变为中毒状态。,毒,y,3,,该特性的宝可梦不会陷入中毒或剧毒状态。陷入中毒或剧毒的宝可梦获得该特性时中毒或剧毒状态消除。,,,,,,,
3,加速,Speed Boost,かそく,每一回合速度会变快。,速度,,3,,持有该特性的宝可梦每回合结束速度上升1级，但該回合交換出持有该特性的宝可梦則不會發動。,,,,,,,
46,压迫感,Pressure,プレッシャー,给予对手压迫感，大量减少其使用招式的ＰＰ。,飞行,,3,"当该特性的宝可梦配置在同行宝可梦首位时，遭遇某一种野生宝可梦时，它的等级有50%几率为当地可能出现的最高等级。
此特性还会增加闯入对战发生的几率。","使用招式以该特性的宝可梦或以全场为目标时，每有一只该特性的宝可梦，多损失1点ＰＰ。友方宝可梦使用招式时则不会触发该特性。
该特性不受破格、兆级电压和涡轮火焰特性影响。无论招式是否命中或有效，该效果都会生效。例如被守住或替身阻挡、幽灵属性宝可梦受到近身战的攻击等。
广域战力和龙箭攻击时，只计算选择位置宝可梦可能的压迫感，至多只会多损失1点ＰＰ。对手使用撒菱、毒菱、隐形岩、抢夺、封印时也会触发该特性。对手使用太晶爆发时，即使目标不是持有该特性的宝可梦，也同样会受到该特性影响。",yes,yes,yes,yes,yes,yes,
47,厚脂肪,Thick Fat,あついしぼう,因为被厚厚的脂肪保护着，会让火属性和冰属性的招式伤害减半。,变化,y,3,,拥有该特性的寶可夢受到冰屬性或火屬性招式攻击时，在伤害计算中对方的攻擊或特攻减半。,,,,,,,
35,发光,Illuminate,はっこう,通过让周围变亮，变得容易遇到野生的宝可梦。,清晨,,3,当该特性的宝可梦配置在同行宝可梦首位时，野生宝可梦出现机率为原来的2倍。,,,,,,,no,
16,变色,Color Change,へんしょく,自己的属性会变为从对手处所受招式的属性。,一般,,3,,"当被造成伤害的招式命中时，自身属性会变成这种招式的属性，但处于替身状态时属性不会改变。
连续招式全部攻击结束后变色特性再发动；
挣扎不会触发该特性；
被持有强行特性的宝可梦攻击时会该特性不会发动；
预知未来和破灭之愿可以触发该特性。当该特性的宝可梦拥有两种属性，被造成伤害的招式命中后，只会拥有一种属性。如果处于黑暗气场下的气象球命中后，该特性的宝可梦会变为一般屬性。
在改变属性后，属性改变前存在的异常状态和该属性若排斥，异常状态仍生效。（例如毒屬性和中毒）",,,,,,,
34,叶绿素,Chlorophyll,ようりょくそ,晴朗天气时，速度会提高。,草,,3,,处于大晴天或大日照天气时，该特性的宝可梦速度能力变为原来的2倍。,,,,,,,
28,同步,Synchronize,シンクロ,将自己的中毒、麻痹或灼伤状态传染给对手。,超能力,,3,"当该特性的宝可梦配置在同行宝可梦首位时：
遇到的随机出现和定点出现的野生宝可梦的性格有50%概率（第八世代以前）/100%（第八世代中）变成与队首宝可梦一样。
在游戏中获得的礼物宝可梦的性格100%与队首宝可梦一样。这个效果可以作用于玛机雅娜，但不影响在宝可梦中心中领取的活动赠送宝可梦。
在１６号道路以太基地合成的基格尔德的性格100%与队首宝可梦一样。","其他宝可梦对自身造成灼伤、中毒、剧毒、麻痹时，自身对那只宝可梦造成相同的异常状态。
若特性为同步的宝可梦同时携带可以治愈它异常状态的树果，那么触发树果效果前触发同步特性。
若处于异常状态的非同步特性宝可梦对特性为同步的宝可梦使用精神转移，同步特性会在异常状态被治愈之前触发，使得特性发动失败，前者的异常状态可以解除。
两只宝可梦连续因为同步而触发，但是字幕会显示同步失败。
以下情况不会触发同步特性：
若由于接触到毒菱而陷入中毒状态；
若由于携带到剧毒宝珠或火焰宝珠而陷入中毒或灼伤状态。",,,,,,,
21,吸盘,Suction Cups,きゅうばん,用吸盘牢牢贴在地面上，让替换宝可梦的招式和道具无效。,水中3E,y,3,"当该特性的宝可梦配置在同行宝可梦首位时，垂钓时宝可梦更容易上钩。
在《晶燦鑽石／明亮珍珠》中，该特性无此效果。","拥有该特性的宝可梦不受强制替换宝可梦的招式以及红牌的影响。
自身使用和后备宝可梦进行替换的招式或携带的逃脱按键不受该特性影响。",,,,,,,
69,坚硬脑袋,Rock Head,いしあたま,即使使出会受反作用力伤害的招式，ＨＰ也不会减少。,岩石,,3,,"不会受到自身招式的反作用力伤害。作用范围不包括（可能）按自身最大ＨＰ比例损伤自身的招式。
此特性不影响生命宝珠的副作用。
如果具有坚硬脑袋特性的宝可梦在使出这类招式后立即失去了此特性（例如使用闪焰冲锋攻击具有木乃伊特性的宝可梦），则仍然要受到反作用力伤害。",,,,,,,
36,复制,Trace,トレース,出场时，复制对手的特性，变为与之相同的特性。,超能力,,3,,"自身登场时，复制特性变为随机1只对方宝可梦的特性。如果复制到了登场时发动的特性，它会立即发动。自身离场时特性还原为复制。
当复制其他特性后，该特性的宝可梦再次变为复制特性（比如使用扮演），复制特性无法触发，直到下次替换出场时再次触发。
复制的目标处于无特性，能触发该特性。
如果对方场上没有可以复制的特性，则复制特性暂不发动，而是留待对方场上出现能够复制的特性时发动。",,no,,,yes,,
14,复眼,Compound Eyes,ふくがん,因为拥有复眼，招式的命中率会提高。,虫,,3,"《綠寶石》起，当该特性的宝可梦配置在队伍首位时，野生宝可梦携带物品的机率增加：
50%→60%、5%→20%、1%→5%。","自身招式的命中率乘以1.3。
该特性不影响一击必杀招式的命中率。",,,,,,,
37,大力士,Huge Power,ちからもち,物理攻击的威力会变为２倍。,强壮,,3,,使用非固定伤害类物理招式的伤害提升为原来的2倍。,,,,,,,
32,天恩,Serene Grace,てんのめぐみ,托天恩的福，招式的追加效果容易出现。,妖精,,3,,"使用招式时追加效果的出现率×2，超过100％则必然出现追加效果。
携带王者之证或锐利之牙的宝可梦触发道具效果的几率×2。
彩虹的效果可与天恩的效果重叠。即追加效果的出现几率×4。
在效果重叠后可能会出现数值溢出错误，导致追加效果的几率计算后大于255%时，会减去256%。这只会出现在充电光束上。",,,,,,,
22,威吓,Intimidate,いかく,出场时威吓对手，让其退缩，降低对手的攻击。,变化,,3,当该特性的宝可梦配置在同行宝可梦首位时，出现等级更低的野生宝可梦机率降为原来的50%。,"出场或获得此特性时所有攻击范围内的对手的攻击下降1级。
对处于飞翔、潜水、挖洞或暗影潜袭状态的宝可梦有效。
拥有恒净之躯、怪力钳、白色烟雾、金属防护、精神力、迟钝、胆量和我行我素特性的宝可梦不受影响。
处于替身状态的宝可梦不受影响。
增加闯入对战发生的几率。
在三打对战中，若该特性的宝可梦不是从中间出场，则只能威吓到与该宝可梦相同一侧和中间的宝可梦。
胆怯特性的宝可梦，在受到威吓后能够提升速度。
看门犬特性的宝可梦，威吓效果无效，并且攻击提高1级。",yes,yes,yes,yes,yes,yes,
27,孢子,Effect Spore,ほうし,受到攻击时，有时会把接触到自己的对手变为中毒、麻痹或睡眠状态。,草,,3,,"使用接触类招式攻击该特性的宝可梦时会有30%的机率陷入麻痹、中毒或睡眠状态。
其中，睡眠概率略高于10%，麻痹概率为10%，中毒概率略低于10%。[1]连续招式的每一击都会单独触发该特性。
此特性对草属性宝可梦、拥有防尘特性的宝可梦、以及携带防尘护目镜的宝可梦无效。因此，该特性属于粉末类特性。",,,,,,,
72,干劲,Vital Spirit,やるき,通过激发出干劲，不会变为睡眠状态。,格斗,y,3,当该特性的宝可梦配置在队伍首位时，出现等级更高的野生宝可梦机率提升为50%。,该特性的宝可梦不会陷入睡眠状态，另外睡觉招式会无效。,,,,,,,
18,引火,Flash Fire,もらいび,受到火属性的招式攻击时，吸收火焰，自己使出的火属性招式会变强。,火,y,3,当该特性的宝可梦配置在同行宝可梦首位时，能够提升野外遭遇火屬性宝可梦的概率。,"具有该特性的宝可梦不受火屬性招式的影响，当被火属性的招式击中时，此宝可梦标记为引火状态，直到换下场或者失去此特性。
该特性只能确保自己不受火属性招式的伤害，不能吸引火属性招式。
可以抵御火属性的变化招式。包括通过其他方式变为火属性的变化招式。
对于连续招式，只会触发1次特性效果。
触发该特性时，与没有效果相同，不会触发招式的附加效果。只要此宝可梦已处于引火状态，此宝可梦使用火属性攻击招式时，宝可梦的攻击和特攻×1.5。当该特性的宝可梦处于冰冻，该特性可以触发。烈焰溅射无法触发引火。",,,,,,,
52,怪力钳,Hyper Cutter,かいりきバサミ,因为拥有以力量自豪的钳子，不会被对手降低攻击。,攻击,yes,3,在《綠寶石》中，该特性的宝可梦使用居合斩能切除更大范围的草丛。,攻击能力变化不会被对方以任何方式降低。,,,,,,,
29,恒净之躯,Clear Body,クリアボディ,不会因为对手的招式或特性而被降低能力。,钢,y,3,,"在通常情况下，能力不会被对方及同伴的招式和特性降低（例如招式鬼面、特性威吓等）。
恒净之躯特性不能阻止以下能力的降低方式：
自身使用降低自身能力的招式：蛮力、臂锤等；
自身携带降低能力的道具：黑色铁球等；
降低能力的异常状态：麻痹、灼伤；
与对方平分能力的招式：防守平分、力量平分；
与对方交换能力的招式：心灵互换、防守互换、力量互换；
与同行宝可梦传递能力的招式：接棒；
改变能力的招式：颠倒；
无视恒净之躯的特性：破格、涡轮火焰、兆级电压。",,,,,,,
1,恶臭,Stench,あくしゅう,通过释放臭臭的气味，在攻击的时候，有时会使对手畏缩。,毒,,3,"当该特性的宝可梦配置在同行宝可梦首位时，野生宝可梦出现机率降低50%。
在对战金字塔中降低25%。","使用招式攻击对手造成傷害时，对方有10%几率陷入畏缩状态。
该效果与王者之证／锐利之牙不叠加。",yes,yes,yes,yes,no,yes,
33,悠游自如,Swift Swim,すいすい,下雨天气时，速度会提高。,水,,3,,下雨或大雨天气时，速度能力变为原来的2倍。,,,,,,,
54,懒惰,Truant,なまけ,如果使出招式，下一回合就会休息。,一般,,3,,"每2回合才能发动一次招式。在懒惰回合可以作出交换操作。
可以使用蓄力的招式，但蓄力完毕后下一回合会因为偷懒而不能发出招式。
可以使用使用后下一回合自己将无法动弹的招式，其停滞与懒惰的停滞会在同一回合计算，懒惰回合不能作出任何操作。
该特性能被木乃伊覆盖，不能被烦恼种子、单纯光束、找伙伴等招式主动覆盖。
该特性能被化学变化气体暂时消除。",yes,yes,,yes,no,yes,
20,我行我素,Own Tempo,マイペース,因为我行我素，不会变为混乱状态。对威吓也毫不动摇。,超能力,,3,,"该特性的宝可梦不会陷入混乱状态。陷入混乱的宝可梦获得该特性时混乱状态消除。在该特性的宝可梦使用花瓣舞、逆鳞或者芭亚果等使自身混乱后，混乱状态仍然消除。
该特性不受威吓影响。",,,,,,,
4,戰鬥盔甲,Battle Armor,カブトアーマー,被坚硬的甲壳守护着，不会被对手的攻击击中要害。,虫,yes,3,,不会被击中要害，即使是必定命中要害的招式也不会击中要害。,,,,,,,
45,扬沙,Sand Stream,すなおこし,出场时，会把天气变为沙暴。,岩石,,3,,"当該寶可夢登场时，天气转为沙暴并持续5回合。
在携带了道具沙沙岩石的情况下，沙暴会持续8回合。
在大雨、大日照和乱流天气下，特性发动失败。
如果有多只拥有可更换天气特性的宝可梦同时登场，那么将会按照宝可梦的速度依次发动特性改变天气，后者覆盖前者。发动失败的情况下除外。",,,,,yes,,
53,撿拾,Pickup,ものひろい,有时会捡来对手用过的道具，冒险过程中也会捡到。,道具,,3,"在对战结束后有10%机率會捡拾到特定物品，撿拾以携带表示，自《綠寶石》起，当持有该特性的宝可梦等级提升，其可捡拾的物品也随之变动。
当宝可梦已携带物品或成功收服野生宝可梦时该特性无效。在部分战斗设施中捡拾无效。
道具列表《紅寶石／藍寶石》


稀有度

30%

10%

5%

4%

1%


道具




















《火紅／葉綠》


稀有度

15%

10%

5%

1%


道具
































《綠寶石》


等级

30%

10%

5%

3%

1%


1-10
























11-20
























21-30
























31-40
























41-50
























51-60
























61-70
























71-80
























81-90
























91-100






















对战金字塔


轮次*

30%

10%

5%


1






















2






















3






















4






















5






















6






















7






















8






















9






















10






















11






















12






















13






















14






















15






















16






















17






















18






















19






















20




















《鑽石／珍珠》及《白金》


等级

30%

10%

4%

1%


1-10
























11-20
























21-30
























31-40
























41-50
























51-60
























61-70
























71-80
























81-90
























91-100






















《心金／魂銀》


等级

30%

10%

5%

3%

1%


1-10
























11-20
























21-30
























31-40
























41-50
























51-60
























61-70
























71-80
























81-90
























91-100






















《黑／白》


等级

30%

10%

4%

1%


1-10
























11-20
























21-30
























31-40
























41-50
























51-60
























61-70
























71-80
























81-90
























91-100






















《黑２／白２》及《Ｘ／Ｙ》


等级

30%

10%

4%

1%


1-10
























11-20
























21-30
























31-40
























41-50
























51-60
























61-70
























71-80
























81-90
























91-100






















《歐米加紅寶石／阿爾法藍寶石》


等级

30%

10%

4%

1%


1-10
























11-20
























21-30
























31-40
























41-50
























51-60
























61-70
























71-80
























81-90
























91-100






















《太陽／月亮》及《究極之日／究極之月》


等级

1-10

11-20

21-30

31-40

41-50

51-60

61-70

71-80

81-90

91-100




1%
1%
1%
1%
1%
1%
1%
1%
1%
1%




1%
1%
1%
1%
1%
1%
1%
1%
1%
1%




25%













10%
25%












10%
10%
25%











10%
10%
10%
25%










10%
10%
10%
10%
20%









10%
10%
10%
10%
10%
20%








10%
10%
10%
10%
10%
10%
20%







5%
5%
5%
10%
10%
10%
10%
20%






3%
3%
5%
5%
10%
10%
10%
10%
20%






2%
2%
5%
5%
7%
10%
10%
10%
20%





3%
5%
5%
10%
10%
10%
10%
10%
10%





3%
5%
5%
10%
10%
10%
10%
10%
10%





3%
3%
3%
3%
3%
3%
3%
3%
3%






3%
3%
3%
8%
8%
8%
8%
8%






1%
1%
2%
3%
5%
5%
10%
15%







1%
4%
5%
5%
5%
5%
5%









1%
4%
10%
10%
10%











2%
10%
10%












1%
4%




5%
3%













1%
3%













1%
4%













1%
1%
1%














3%
5%














1%
3%
《劍／盾》


等级

1-10

11-20

21-30

31-40

41-50

51-60

61-70

71-80

81-90

91-100




非常常见













常见
不常见












不常见
常见












不常见
不常见
常见











不常见
不常见
不常见
常见










罕见
不常见
不常见











罕见
不常见
不常见
不常见
常见









罕见
罕见
不常见
不常见
不常见
常见








罕见
罕见
罕见
不常见
不常见
不常见
常见







罕见
罕见
罕见
罕见
不常见
不常见
不常见
常见






非常罕见
非常罕见
罕见
罕见
罕见










罕见
罕见
罕见
罕见
不常见
不常见
不常见
常见






罕见
罕见
罕见
罕见
罕见
罕见
罕见
不常见
不常见





罕见
罕见
罕见
罕见
罕见
罕见
罕见
不常见
不常见





非常罕见
非常罕见
非常罕见
非常罕见
罕见
罕见
罕见
罕见
罕见






罕见
罕见
罕见
罕见
罕见
罕见
罕见
罕见






罕见
罕见
罕见
罕见
不常见
不常见
不常见
常见






非常罕见
非常罕见
罕见
罕见
罕见









非常罕见
非常罕见
非常罕见
罕见
罕见
罕见
罕见
罕见






非常罕见
非常罕见
非常罕见
非常罕见
罕见
罕见
罕见
罕见






非常罕见
非常罕见
非常罕见
非常罕见
非常罕见
非常罕见
非常罕见
非常罕见






非常罕见
非常罕见
非常罕见
非常罕见
非常罕见
非常罕见
非常罕见
非常罕见






非常罕见
非常罕见
非常罕见
非常罕见
非常罕见
非常罕见
非常罕见
非常罕见






非常罕见
非常罕见
非常罕见
非常罕见
非常罕见
非常罕见
非常罕见
非常罕见






非常罕见
非常罕见
非常罕见
非常罕见
非常罕见
非常罕见
非常罕见
非常罕见






非常罕见
罕见
罕见
罕见
罕见
罕见
罕见
罕见







罕见
罕见
罕见
罕见
不常见
不常见
不常见








非常罕见
非常罕见
罕见
罕见
罕见
罕见










非常罕见
非常罕见
罕见
罕见











非常罕见
非常罕见
非常罕见
《晶燦鑽石／明亮珍珠》


等级

1-10

11-20

21-30

31-40

41-50

51-60

61-70

71-80

81-90

91-100




35%













8%
30%












25%
8%












8%
8%
30%











3%
8%
9%











8%
8%
9%
30%










3%
8%
9%
9%
30%









3%
4%
8%
9%
9%
30%








3%
4%
3%
8%
9%
10%
30%







3%
4%
3%
4%
8%
9%
10%
30%







4%
3%
4%
4%
9%
9%
10%
30%






1%
1%
1%
1%
4%
4%
5%
4%
5%





4%
3%
4%
4%
4%
4%
5%
9%
10%





4%
3%
4%
4%
4%
4%
5%
9%
10%





4%
3%
4%
4%
4%
4%
5%
9%
10%






3%
4%
4%
4%
9%
9%
8%
30%






3%
4%
4%
4%
4%
5%
4%
5%






1%
1%
1%
1%
1%
1%
1%
1%






1%
1%
1%
1%
1%
1%
1%
1%






1%
1%
1%
1%
1%
1%
1%
1%






1%
1%
1%
1%
1%
1%
1%
1%






1%
1%
1%
1%
1%
1%
1%
1%







4%
4%
4%
4%
9%
9%
9%











1%
1%
1%






1%
1%
1%
4%
4%
5%
4%
5%




1%
1%
3%
4%
4%











1%
1%
4%
4%
4%











1%
1%
4%
5%
4%
5%










1%
1%
4%
5%
《朱／紫》


等级

1-10

11-20

21-30

31-40

41-50

51-60

61-70

71-80

81-90

91-100




35%
10%












15%
15%
15%
10%










10%
10%
10%
10%










10%
20%
20%
20%
20%
10%








3%
5%
10%
10%
10%
10%
15%







3%
3%
5%
10%
20%
20%
20%
20%
10%






3%
3%
3%
10%
10%
10%
20%
20%
20%






3%
3%
3%
10%
10%
10%
10%
10%




1%
2%
3%
4%
5%











1%
2%
3%
4%
5%











1%
2%
3%
4%
5%
5%










1%
2%
3%
5%





1%
1%
2%
2%
3%
3%
4%
4%
5%






1%
2%
2%
3%
3%
4%
4%
5%




20%
10%












3%
15%
10%












3%
3%
5%
5%
7%
7%
7%
10%
12%





3%
3%
5%
5%
7%
7%
7%
10%
12%











1%
1%
1%






5%
5%
5%
5%
5%
5%
5%
5%






1%
3%
3%
3%
3%
5%
5%
5%






1%
1%
1%
1%
3%
6%
8%
10%






1%
1%
1%
1%
1%
1%
1%
1%






1%
1%
1%
1%
1%
1%
1%
1%






1%
1%
1%
1%
1%
1%
1%
1%






1%
1%
1%
1%
1%
1%
1%
1%






1%
1%
1%
1%
1%
1%
1%
1%","第三世代、第四世代对战中该特性无效。
第五世代起当自己没有携带物品时，回合结束后获得在自己的非远程招式攻击范围内，对方宝可梦或同伴宝可梦於該回合使用或投掷而消耗的携带物品。如果回合内对手宝可梦与同伴宝可梦均使用了道具，优先获得对手的道具。
同一回合内离场或陷入濒死的宝可梦用掉的道具无法被捡拾，即使在該回合内又重新上场。
被烧尽，啄食，虫咬，拍落的道具无法被捡拾，因受到攻击而破裂的气球无法被捡拾。",,,,,,,
13,无关天气,Cloud Nine,ノーてんき,任何天气的影响都会消失。,天空,,3,,拥有该特性的宝可梦在场时，任何天气造成的影响无效。天气并不会消失。,,,,,yes,,
70,日照,Drought,ひでり,出场时，会将天气变为晴朗。,火,,3,,"当該寶可夢登场时，天气转为大晴天并持续5回合。
在携带了道具炽热岩石的情况下，大晴天会持续8回合。
在大雨、大日照和乱流天气下，特性发动失败。
如果有多只拥有可更换天气特性的宝可梦同时登场，那么将会按照宝可梦的速度依次发动特性改变天气，后者覆盖前者。发动失败的情况下除外。",,,,,yes,,
48,早起,Early Bird,はやおき,即使变为睡眠状态，也能以２倍的速度提早醒来。,清晨,,3,,"该特性的宝可梦陷入睡眠的持续回合变为原来的一半。例如如果原本睡眠状态会持续3回合时变为1回合，原本持续1回合的话会立刻清醒。
由于自身陷入睡眠也同样有效。",,,,,,,
7,柔软,Limber,じゅうなん,因为身体柔软，不会变为麻痹状态。,电,,3,,该特性的宝可梦不会陷入麻痹状态，陷入麻痹的宝可梦获得该特性时麻痹状态消除。,,,,,,,
57,正电,Plus,プラス,出场的伙伴之间如果有正电或负电特性的宝可梦，自己的特攻会提高。,红宝石,y,3,,"场上己方同伴具有正电或负电特性时，特攻能力×1.5。
磁场操控可令己方所有特性为正电或负电的宝可梦的防御和特防分别提升1级。辅助齿轮可令己方所有特性为正电或负电的宝可梦的攻击和特攻分别提升1级。",,,,,,,
62,毅力,Guts,こんじょう,如果变为异常状态，会拿出毅力，攻击会提高。,攻击,,3,,"该特性的宝可梦处于除濒死以外的异常状态时，攻击提升50%，并无视灼伤的攻击变为原本的50%效果。
该特性的宝可梦被冰冻时使用解除冰冻状态的招式，攻击不会提升。",,,,,,,
38,毒刺,Poison Point,どくのトゲ,有时会让接触到自己的对手变为中毒状态。,毒,,3,,"使用接触类招式攻击该特性的宝可梦时会有30%的机率中毒。
对于拥有该特性的宝可梦使用连续招式，每次中毒几率分开计算。",,,,,,,
76,气闸,Air Lock,エアロック,所有天气的影响都会消失。,飞行,,3,,拥有该特性的宝可梦在场时，任何天气造成的影响无效。天气并不会消失。,,,,,yes,,
41,水幕,Water Veil,みずのベール,将水幕裹在身上，不会变为灼伤状态。,水,y,3,,该特性的宝可梦不会陷入灼伤状态。当灼伤状态的宝可梦获得该特性时灼伤状态会被治愈。,,,,,,,
64,污泥浆,Liquid Ooze,ヘドロえき,吸收了污泥浆的对手会因强烈的恶臭而受到伤害，减少ＨＰ。,毒,y,3,,,,,,,,,
71,沙穴,Arena Trap,ありじごく,在战斗中让对手无法逃走。,地面,,3,如果把拥有该特性的宝可梦放置在同行宝可梦的首位，遇到野生宝可梦的机率提高至2倍。,主頁面：无法逃走（状态）使对方所有非幽灵属性的地面上的宝可梦处于无法逃走状态，不能替换或逃走。,,,,,,,
8,沙隐,Sand Veil,すながくれ,在沙暴的时候，闪避率会提高。,地面,y,3,当该特性的宝可梦配置在同行宝可梦首位时，沙暴天气下野生宝可梦出现机率减少50%。,在沙暴天气中闪避率提升20%，并且不会受到沙暴天气损失体力的影响。,,,,,,,
55,活力,Hustle,はりきり,自己的攻击变高，但命中率会降低。,攻击,,3,当该特性的宝可梦配置在队伍首位时，出现等级更高的野生宝可梦机率提升50%。,攻击提升为原来的1.5倍，物理招式的命中率×0.8。,,,,,,,
6,湿气,Damp,しめりけ,通过把周围都弄湿，使谁都无法使用自爆等爆炸类的招式。,水,y,3,,当该宝可梦在场时，自爆、大爆炸、惊爆大头和薄雾炸裂会使用失败，引爆特性不发动。,,,,,,,
67,激流,Torrent,げきりゅう,ＨＰ减少的时候，水属性的招式威力会提高。,水,,3,,当ＨＰ小于1⁄3时，水屬性招式的威力增长为1.5倍。,,,,,,,
49,火焰之躯,Flame Body,ほのおのからだ,有时会让接触到自己的对手变为灼伤状态。,火,,3,"当该特性的宝可梦在队伍首位时，队伍中蛋孵化的速度提高为原来的2倍。
此效果不会与自身、熔岩铠甲或蒸汽机叠加，但是它会与释出之力、O力量或孵蛋碰碰叠加。","使用接触类招式攻击该特性的宝可梦时会有30%的机率灼伤。
连续招式的每一击都会单独触发该特性。",,,,,,,
40,熔岩铠甲,Magma Armor,マグマのよろい,将炽热的熔岩覆盖在身上，不会变为冰冻状态。,火,y,3,"当该特性的宝可梦在队伍时，队伍中蛋孵化的速度提高为原来的2倍。
此效果不会与自身、火焰之躯或蒸汽机叠加，但是它会与释出之力、O力量或孵蛋碰碰叠加。",该特性的宝可梦不会陷入冰冻状态。,,,,,,,
66,猛火,Blaze,もうか,ＨＰ减少的时候，火属性的招式威力会提高。,火,,3,,当ＨＰ小于1⁄3时，火屬性招式的威力增长为1.5倍。,,,,,,,
74,瑜伽之力,Pure Power,ヨガパワー,因瑜伽的力量，物理攻击的威力会变为２倍。,攻击,,3,,使用非固定伤害类物理招式的伤害提升为原来的2倍。,,,,,,,
73,白色煙霧,White Smoke,しろいけむり,被白色烟雾保护着，不会被对手降低能力。,火,y,3,当该特性的宝可梦配置在队伍首位时，野生宝可梦出现机率减少50%。,"在通常情况下，能力不会被对方及同伴的招式和特性降低（例如招式鬼面、特性威吓等）。
白色烟雾特性不能阻止以下能力的降低方式：
自身使用降低自身能力的招式：蛮力、臂锤等；
自身携带降低能力的道具：黑色铁球等；
降低能力的异常状态：麻痹、灼伤；
与对方平分能力的招式：防守平分、力量平分；
与对方交换能力的招式：心灵互换、防守互换、力量互换；
与同行宝可梦传递能力的招式：接棒；
改变能力的招式：颠倒；
无视白色烟雾的特性：破格、涡轮火焰、兆级电压。",,,,,,,
75,硬壳盔甲,Shell Armor,シェルアーマー,被坚硬的壳保护着，对手的攻击不会击中要害。,水,y,3,,不会被击中要害，即使是必定命中要害的招式也不會击中要害。,,,,,,,
42,磁力,Magnet Pull,じりょく,用磁力吸住钢属性的宝可梦，使其无法逃走。,钢,,3,当该特性的宝可梦配置在队伍首位时，如果所在区域存在野生的钢属性宝可梦，出现钢属性野生宝可梦的几率上升50%。,主頁面：无法逃走（状态）使对方非幽灵属性的钢屬性宝可梦进入无法逃走状态，无法替换或逃走。,,,,,,,
25,神奇守护,Wonder Guard,ふしぎなまもり,不可思议的力量，只有效果绝佳的招式才能击中。,幽灵,yes,3,,"如果招式对拥有该特性的宝可梦不能产生效果绝佳，则招式对该特性的宝可梦没有伤害。
例如：脱壳忍者（虫幽灵）会被以下属性效果绝佳招式受到伤害：飞行岩石幽灵火恶，那么除了这些属性以外，其他所有攻击招式都无法对脱壳忍者造成攻击伤害。
对于无法产生伤害的攻击招式，其追加效果也无法发动。
不能防止挣扎的伤害、混乱状态下对自己的伤害。各种非直接伤害效应也不能防止。例如灼伤、冰雹、沙暴。
该特性只能通过复制特性复制，不能通过扮演招式或化学之力、接球手等特性复制。",no,yes,yes,yes,no,yes,
,神奇鱗片,Marvel Scale,ふしぎなうろこ,如果变为异常状态，神奇鳞片会发生反应，防御会提高。,美丽,y,3,,异常状态时防御上升为原来1.5倍。,,,,,,,
24,粗糙皮肤,Rough Skin,さめはだ,受到攻击时，用粗糙的皮肤弄伤接触到自己的对手。,龙,,3,,"受到接触类招式攻击时对手会损失最大体力的1⁄8。
连续招式的每一击都会触发此特性。
有粗糙皮肤特性的宝可梦使用守住并被攻击方使用Ｚ招式攻击时，粗糙皮肤特性不会发动。",,,,,,,
39,精神力,Inner Focus,せいしんりょく,拥有经过锻炼的精神，而不会因对手的攻击而畏缩。对威吓也毫不动摇。,超能力,y,3,,"该特性的宝可梦不会陷入畏缩状态。破格、兆级电压和涡轮火焰特性的宝可梦仍能使该特性的宝可梦畏缩。获得该特性并不能解除畏缩状态。
该特性不受威吓影响。",,,,,,,
5,结实,Sturdy,がんじょう,在ＨＰ全满时，即使受到招式攻击，也不会被一击打倒。一击必杀的招式也没有效果。,防御,yes,3,,"一击必杀招式对拥有该特性的寶可夢无效。
拥有该特性的寶可夢在满ＨＰ状态下受到一次攻击时，至少会保留1点ＨＰ。
受到连续招式时，第一次攻击就会使结实特性发动或不再满足发动条件，无法对后续攻击生效。
无法抵御造成自身陷入濒死状态的招式所导致的自身濒死效果。
无法阻止同命状态生效。该特性的宝可梦携带气势披带受到了一击被击倒的招式，优先触發结实特性的效果，不会消耗气势披带。
该特性的宝可梦受到过伤害后，如果HP回复到全满，能够再次触发特性。",,,,,,,
30,自然回复,Natural Cure,しぜんかいふく,回到同行队伍后，异常状态就会被治愈。,回复,,3,对战结束后该特性的宝可梦的异常状态自动解除。,"替换该特性的宝可梦后，异常状态自动解除。
得到该特性的宝可梦替换后，异常状态自动解除。
该特性的宝可梦变为无特性时，异常状态不会解除。",,,,,,,
65,茂盛,Overgrow,しんりょく,ＨＰ减少的时候，草属性的招式威力会提高。,草,,3,,当ＨＰ小于1⁄3时，草屬性招式的威力增长为1.5倍。,,,,,,,
10,蓄电,Volt Absorb,ちくでん,受到电属性的招式攻击时，不会受到伤害，而是会回复。,电,y,3,,"具有该特性的宝可梦不受电屬性招式的影响，当被电属性的招式击中时，回复最大ＨＰ的1⁄4。
该特性只能确保自己不受电属性招式的伤害，不能吸引电属性招式。
可以抵御电属性的变化招式。包括通过其他方式变为电属性的变化招式。
对于连续招式，只会触发1次特性效果。
触发该特性时，与没有效果相同，不会触发招式的附加效果。
该特性的宝可梦无法触发自身携带的充电电池。
该特性的宝可梦进入守住状态无法通过被电属性招式击中回复ＨＰ。",,,,,,,
61,蜕皮,Shed Skin,だっぴ,通过蜕去身上的皮，有时会治愈异常状态。,虫,,3,,在每回合结束时，有1⁄3的几率治愈自身除濒死以外的异常状态。,,,,,,,
,蟲之預感,Swarm,むしのしらせ,ＨＰ减少的时候，虫属性的招式威力会提高。,虫,,3,从《綠寶石》开始，当该特性的宝可梦在同行宝可梦首位时，遇到野生宝可梦的几率提升；在《綠寶石》中更容易听到野生宝可梦的叫声。,当ＨＰ不超过1⁄3时，虫屬性招式的威力增长为1.5倍。,,,,,,,
58,负电,Minus,マイナス,出场的伙伴之间如果有正电或负电特性的宝可梦，自己的特攻会提高。,蓝宝石,y,3,,"场上己方同伴具有负电或正电特性时，特攻能力×1.5。
磁场操控可令己方所有特性为负电或正电的宝可梦的防御和特防分别提升1级。辅助齿轮可令己方所有特性为负电或正电的宝可梦的攻击和特攻分别提升1级。",,,,,,,
23,踩影,Shadow Tag,かげふみ,踩住对手的影子使其无法逃走或替换。,阴影,,3,,主頁面：无法逃走（状态）使对方全部不持有踩影特性的非幽灵属性宝可梦处于无法逃走状态，无法替换或逃走。,,,,,,,
12,迟钝,Oblivious,どんかん,因为感觉迟钝，不会变为着迷和被挑衅状态。对威吓也毫不动摇。,超能力,y,3,,"该特性的宝可梦不会陷入着迷和挑衅状态。陷入此状态的宝可梦获得该特性时此状态消除。
该特性不受威吓影响。",,,,,,,
56,迷人之躯,Cute Charm,メロメロボディ,有时会让接触到自己的对手着迷。,妖精,,3,当该特性的宝可梦配置在队伍首位时，出现的野生宝可梦为异性的机率变为2⁄3，大量出现、隐藏洞穴的宝可梦不受影响。,"异性宝可梦使用接触类招式攻击该特性的宝可梦时会有30%的机率着迷。
连续招式的每一击都会单独触发该特性。
在闖入對戰中，能让入場寶可夢与队首宝可梦性别不同的概率变为50%。",,,,,,,
50,逃跑,Run Away,にげあし,一定能从野生宝可梦那儿逃走。,一般,,3,,在与野生宝可梦对战时，无视对手任何阻挡逃走的效果，必定逃走成功。,,,,,,,
31,避雷针,Lightning Rod,ひらいしん,将电属性的招式吸引到自己身上，不会受到伤害，而是会提高特攻。,电,y,3,"將避雷針特性的寶可夢放在同行寶可夢首位时，宝可梦导航器將能夠接收到更多電話。E
当该特性的宝可梦配置在同行宝可梦首位时，能够提升在野外遭遇电屬性宝可梦的概率。","具有该特性的宝可梦不受电屬性招式的影响，当被电属性的招式击中时，提升1级特攻。
场上所有宝可梦（包括同伴宝可梦）的作用范围为单体选择的电属性招式将强制选择具有该特性的宝可梦为目标。若场上有多只宝可梦拥有此特性，将吸引到速度较高的那个。万众瞩目可以覆盖这个效果。螺旋尾鳍、坚毅、狙击可以无视这个效果。
可以抵御电属性的变化招式。包括通过其他方式变为电属性的变化招式。
对于连续招式，只会触发1次特性效果。
触发该特性时，与没有效果相同，不会触发招式的附加效果。
该特性的宝可梦无法触发自身携带的充电电池。
可以吸引同伴的极巨闪电，即使极巨闪电无法直接对同伴使用。因为等离子浴并不以任何宝可梦为目标，也不直接影响处在场上的宝可梦，所以此招式不会触发避雷针特性。
被同一只电屬性宝可梦击中只提升1级特攻。",,,,,,,
51,锐利目光,Keen Eye,するどいめ,多亏了锐利的目光，命中率不会被降低。,命中,y,3,当该特性的宝可梦配置在同行宝可梦首位时，出现等级更低的野生宝可梦机率降为原来的50%。,"命中率能力变化不会被对方以任何方式降低，无视目标闪避率能力变化的提升。
奇迹皮肤对锐利目光特性的宝可梦无效。",,,,,,,
59,阴晴不定,Forecast,てんきや,受天气的影响，会变为水属性、火属性或冰属性中的某一个。,天空,,3,,"飘浮泡泡的形态与属性根据天气而改变：
在大晴天或大日照时，变为太阳的样子与火屬性；
在下雨或大雨时，变为雨水的样子与水屬性；
在冰雹天气时，变为雪云的样子与冰屬性；
在无关天气或气闸特性宝可梦在场或其他天气时，变为飘浮泡泡的样子与一般屬性。该特性仅当拥有者为飘浮泡泡时有效，当飘浮泡泡失去该特性时形态变回一般屬性的飘浮泡泡的样子。
其他宝可梦对飘浮泡泡使用变身后，会变成飘浮泡泡当前的形态。",,no,,,yes,no,
2,降雨,Drizzle,あめふらし,出场时，会将天气变为下雨。,水,,3,,"当該寶可夢登场时，天气转为下雨并持续5回合。
在携带了道具潮湿岩石的情况下，下雨会持续8回合。
在大雨、大日照和乱流天气下，特性发动失败。
如果有多只拥有可更换天气特性的宝可梦同时登场，那么将会按照宝可梦的速度依次发动特性改变天气，后者覆盖前者。发动失败的情况下除外。",yes,yes,yes,yes,yes,yes,
43,隔音,Soundproof,ぼうおん,通过屏蔽声音，不受到声音招式的影响。,一般,y,3,,"不受声音的招式影响。但隔音特性的宝可梦被接棒传递灭亡之歌状态时，灭亡之歌仍然有效。
可以被同伴的治愈铃声治愈。
魂舞烈音爆可以正常使用，不会受到自身的隔音特性影响。该特性宝可梦不受宝可梦之笛的影响FRLG。",,,,,,,
44,雨盘,Rain Dish,あめうけざら,下雨天气时，会缓缓回复ＨＰ。,水,,3,,在下雨天气时每回合结束回复1⁄16体力。,,,,,,,
9,静电,Static,せいでんき,身上带有静电，有时会让接触到的对手麻痹。,电,,3,当该特性的宝可梦配置在队伍首位时，如果所在区域存在野生的电属性宝可梦，则电屬性野生宝可梦出现机率增加50%。,"使用接触类招式攻击该特性的宝可梦时会有30%的机率麻痹。
连续招式的每一击都会单独触发该特性。",,,,,,,
26,飘浮,Levitate,ふゆう,从地面浮起，从而不会受到地面属性招式的攻击。,飞行,y,3,,"主頁面：地面上的宝可梦拥有该特性的宝可梦免疫地面屬性招式（除了泼沙和千箭齐发），不会受到沙穴特性和毒菱、撒菱、黏黏网和场地型状态等状态变化的影响。拥有该特性的毒屬性的宝可梦无法清除毒菱。
当宝可梦持有道具黑色鐵球，或是宝可梦处于击落、扎根状态，或是场地上存在重力状态时，该特性失效。",,,,,,,
19,鳞粉,Shield Dust,りんぷん,被鳞粉守护着，不会受到招式的追加效果影响。,虫,y,3,,"对手以该特性宝可梦为目标的招式的追加效果不会被触发。包括以毒手产生的追加效果。
该特性不能防止对手提升自己能力的追加效果和极巨招式、超极巨招式的追加效果。
该特性不能防止变化招式（例如麻痹粉、电磁波）的效果。",,,,,,,
60,黏着,Sticky Hold,ねんちゃく,因为道具是粘在黏性身体上的，所以不会被对手夺走。,毒,y,3,"当该特性的宝可梦配置在同行宝可梦首位时，垂钓时宝可梦更容易上钩。
在《晶燦鑽石／明亮珍珠》中，该特性无此效果。","携带物品不会受到其他宝可梦以下招式的影响：
渴望、小偷的夺取；
戏法、掉包的交换；
拍落不會使物品消失，但仍會受到拍落的伤害加成。
虫咬、啄食的消耗。黏着特性不影响附着针。
破格、兆级电压和涡轮火焰影响黏着特性。",,,,,,,
96,一般皮肤,Normalize,ノーマルスキン,无论是什么属性的招式，全部会变为一般属性。威力会少量提高。,一般,,4,,"所有非一般屬性的招式的属性均变为一般屬性，且威力变为1.2倍。
觉醒力量、自然之恩、制裁光砾、高科技光炮、觉醒之舞和多属性攻击这些会改变属性的一般属性招式不受该特性的影响。
具有该特性的宝可梦进入输电状态或者受到等离子浴的影响后，使出的招式变为电屬性。
攻击招式的Ｚ招式不受此特性的影响。
变化招式被升级为Ｚ招式使出后，会受到该特性的影响变为一般屬性。具有此特性的一般屬性宝可梦使出的受此效果的攻击招式具有属性一致加成，并且能消耗一般宝石增加招式威力。",,,,,,,
88,下载,Download,ダウンロード,比较对手的防御和特防，根据较低的那项能力相应地提高自己的攻击或特攻。,建筑,,4,,"该特性的宝可梦出场时，对手防御小于特防时，自身攻击提升1级；对手防御大于或等于特防时，自身特攻提升1级。
在双打对战及三打对战时，用对方所有宝可梦的防御总和与特防总和来计算。
该特性会受到能力变化与力量戏法状态的影响。
该特性不会受到携带的道具、沙暴天气对岩石屬性的特防加成、影响能力但不影响能力变化的特性（例如神奇鳞片）以及奇妙空间状态的影响。",,,,,yes,,
80,不屈之心,Steadfast,ふくつのこころ,每次畏缩时，不屈之心就会燃起，速度也会提高。,格斗,,4,,该特性的宝可梦陷入畏缩状态后，速度提升1级。,,,,,,,
115,冰冻之躯,Ice Body,アイスボディ,下雪天气时，会缓缓回复ＨＰ。,冰,,4,,"天气处于冰雹或下雪状态时，每回合结束时回复最大ＨＰ的1⁄16。
不具有冰屬性的宝可梦获得该特性后不受冰雹天气的伤害。",,,,,,,
86,单纯,Simple,たんじゅん,能力变化会变为平时的２倍。,变化,yes,4,,"该特性的宝可梦上升或下降能力变化变为原来的两倍。
如果能力变化已经无法再提高或降低，尽管依然能使用改变能力的招式，但能力不会再改变。
该特性在生效时不会展示该特性。
通过接棒把能力变化传递给该特性的宝可梦时，能力变化不会加倍。
若使用自我暗示对对方的能力变化进行复制，能力变化不会加倍。
该特性对变化招式的Ｚ力量效果无效。例如在使用Ｚ重力时，特攻只会上升 1 级 。
该特性对极巨招式产生的变化效果有效。",,,,,,,
107,危险预知,Anticipation,きけんよち,可以察觉到对手拥有的危险招式。,格斗,,4,,"对战开始时，当对手拥有效果绝佳或一击必杀招式时会发出警告：<宝可梦的名字>发抖了！。
其中把制裁光砾、气象球、自然之恩、双倍奉还、金属爆炸、镜面反射、高科技光炮、多属性攻击、觉醒之舞、大地波动都视作游戏中显示的属性。
危险预知不把乱流下的属性相性计入。
冷冻干燥被视作冰屬性招式，对水屬性宝可梦造成的效果绝佳不考虑在内。
飞身重压被视作格斗屬性招式，飞行屬性的相性不考虑在内。",,,,,yes,,
102,叶子防守,Leaf Guard,リーフガード,晴朗天气时，不会变为异常状态。,草,yes,4,,"天气是大晴天和大日照时不会陷入异常状态。
無法治癒异常状态。",,,,,,,
116,坚硬岩石,Solid Rock,ハードロック,受到效果绝佳的攻击时，可以减弱其威力。,岩石,yes,4,,效果絕佳招式造成的伤害降低1⁄4。,,,,,,,
121,多属性,Multitype,マルチタイプ,自己的属性会根据持有的石板而改变。,一般,,4,,"宝可梦携带相应石板或Ｚ纯晶时改变属性。
拥有该特性的宝可梦在对战中不能获得或失去石板。",no,no,no,no,,no,
94,太阳之力,Solar Power,サンパワー,晴朗天气时，特攻会提高，而每回合ＨＰ会减少。,火,,4,,大晴天和大日照天气下特攻增至1.5倍，但每回合损失最大ＨＰ的1⁄8。,,,,,,,
119,察觉,Frisk,おみとおし,出场时，可以察觉对手的持有物。,幽灵,,4,,"该特性的宝可梦出场后，察觉全部对手携带的道具。如果对手没有携带物品，则不会出现任何提示。如果对手有携带物品，则会有一个提示出现：<宝可梦的名字>察觉到了<对手宝可梦的名字>的<道具名称>！如果对手不止一个，还会出现提示：连<对手宝可梦的名字>携带的<道具名称>也察觉到了！。
对手交换宝可梦后，不管交换上场的宝可梦有没有携带道具，特性均无法发动，",,,,,yes,,
87,干燥皮肤,Dry Skin,かんそうはだ,下雨天气时和受到水属性的招式时，ＨＰ会回复。晴朗天气时和受到火属性的招式时，ＨＰ会减少。,火,yes,4,,"具有该特性的宝可梦不受水屬性招式的影响，当被水属性的招式击中时，回复最大ＨＰ的1⁄4。
该特性只能确保自己不受水属性招式的伤害，不能吸引水属性招式。
可以抵御水属性的变化招式。包括通过其他方式变为水属性的变化招式。
对于连续招式，只会触发1次特性效果。
触发该特性时，与没有效果相同，不会触发招式的附加效果。
该特性的宝可梦无法触发自身携带的球根或光苔。
该特性的宝可梦进入守住状态无法通过被水属性招式击中回复ＨＰ。在下雨或大雨天气下，该特性的宝可梦每回合回复最大ＨＰ的1⁄8。
该特性的宝可梦受到火屬性招式攻击的话，会受到1.25倍的伤害。
在大晴天或大日照天气下，该特性的宝可梦每回合失去最大ＨＰ的1⁄8。",,,,,,,
114,引水,Storm Drain,よびみず,将水属性的招式引到自己身上，不会受到伤害，而是会提高特攻。,水,yes,4,当该特性的宝可梦配置在同行宝可梦首位时，能够提升野外遭遇水屬性宝可梦的概率。,"具有该特性的宝可梦不受水屬性招式的影响，当被水属性的招式击中时，提升1级特攻。
场上所有宝可梦（包括同伴宝可梦）的作用范围为单体选择的水属性招式将强制选择具有该特性的宝可梦为目标。若场上有多只宝可梦拥有此特性，将吸引到速度较高的那个。万众瞩目可以覆盖这个效果。螺旋尾鳍、坚毅、狙击可以无视这个效果。
可以抵御水属性的变化招式。包括通过其他方式变为水属性的变化招式。
对于连续招式，只会触发1次特性效果。
触发该特性时，与没有效果相同，不会触发招式的附加效果。
该特性的宝可梦无法触发自身携带的球根或光苔。
可以吸引同伴的极巨水流，即便极巨水流无法直接对同伴使用。",,,,,,,
106,引爆,Aftermath,ゆうばく,变为濒死时，会对接触到自己的对手造成伤害。,毒,,4,,"当拥有这个特性的宝可梦被接触类招式击倒时，发动攻击的宝可梦将损失最大ＨＰ的1⁄4。
若场上有湿气特性的宝可梦，引爆特性不发动。",,,,,,,
83,愤怒穴位,Anger Point,いかりのつぼ,要害被击中时，会大发雷霆，攻击力变为最大。,攻击,,4,,"当被击中要害时，攻击提升至+6阶级。
处于替身状态下的宝可梦，无法发动该特性。",,,,,,,
100,慢出,Stall,あとだし,使出招式的顺序必定会变为最后。,恶,,4,,"在其他宝可梦使用的招式的优先度与自身使用的招式的优先度相同的情况下，拥有该特性的宝可梦一定后使用招式。当多只宝可梦同时具有该特性时，优先度仍由速度低的先使用招式。
慢出特性在场上宝可梦携带有后攻之尾与饱腹薰香时无效。该特性的宝可梦携带了先制之爪或释陀果并触发时，慢出不影响其效果。
慢出特性的宝可梦与戏法空间同时在场，慢出特性的宝可梦仍最后使用招式。",,,,,,,
112,慢启动,Slow Start,スロースタート,在５回合内，攻击和速度减半。,一般,,4,,该特性的宝可梦上场的前五回合物理招式的伤害和速度能力减半。,,,,,yes,,
101,技术高手,Technician,テクニシャン,攻击时可以将低威力招式的威力提高。,工厂,,4,,"使用威力小于等于60的招式，威力提升原来的50%。只计算招式自身的效果对威力的影响，不计算道具、特性等其它任何的效果。
连续招式按单独每次攻击时威力判断是否触发该特性。
当雪崩的伤害因为受到对手的招式攻击而翻倍时，技术高手将不会生效。
当杂技的伤害因为没有携带物品而翻倍时，技术高手将不会生效。
当气象球的伤害因为天气而翻倍时，技术高手将不会生效。
当大地波动的伤害因为场地型状态而翻倍时，技术高手将不会生效。
当追打的伤害因为目标在本回合内准备替换下场而伤害翻倍，技术高手将不会生效。",,,,,,,
79,斗争心,Rivalry,とうそうしん,面对性别相同的对手，会燃起斗争心，变得更强。而面对性别不同的，则会变弱。,毒,,4,,对手与自身性别相同时，招式威力提升25%；性别不同时威力下降25%。双方只要有一方为性别不明时，招式威力不变，群体对战的群体伤害中，多性别仍然为同性威力提升25%，不同性别威力下降25%。,,,,,,,
99,无防守,No Guard,ノーガード,由于无防守战术，双方使出的招式都必定会击中。,命中,no,4,当该特性的宝可梦配置在同行宝可梦首位时，野生宝可梦出现机率增加50%。,"该特性宝可梦使用的招式与以该特性宝可梦为目标的招式都一定会命中，包括在飞翔、挖洞等情况的宝可梦都可以被击中，除非这只宝可梦因发号施令特性在吃吼霸的口中。
只会影响命中，不能穿透守住、快速防守、广域防守的保护。",,,,,,,
110,有色眼镜,Tinted Lens,いろめがね,可以将效果不好的招式以通常的威力使出。,虫,,4,,该特性的宝可梦自身发动效果不理想（属性克制≤1⁄2时）的招式伤害×2。,,,,,,,
123,梦魇,Bad Dreams,ナイトメア,给予睡眠状态的对手伤害。,恶,,4,,每个回合结束时，所有处于睡眠状态或者具有特性绝对睡眠的对手宝可梦的ＨＰ损失最大ＨＰ的1⁄8。,,,,,,,
90,毒疗,Poison Heal,ポイズンヒール,变为中毒状态时，ＨＰ不会减少，反而会增加起来。,毒,,4,,"在中毒和剧毒状态下，ＨＰ不会因为中毒而减少；每回合回复最大ＨＰ的1⁄8。
剧毒状态的伤害计数会在每次行动后增加，失去毒疗特性后剧毒状态的伤害计数不会重置。",,,,,,,
93,湿润之躯,Hydration,うるおいボディ,下雨天气时，异常状态会治愈。,水,,4,,"该特性的宝可梦在下雨时，该回合最后会解除所有异常状态。
处于瞌睡状态的该特性宝可梦，由于回合结束时，先触发湿润之躯，因此在下雨时也会进入睡眠，睡眠后的下一回合若还在下雨，则可触发湿润之躯解除睡眠。",,,,,,,
97,狙击手,Sniper,スナイパー,击中要害时，威力会变得更强。,命中,,4,,攻击击中要害时伤害为正常击中要害伤害的1.5倍。即伤害变为未击中要害时的2.25倍。,,,,,,,
78,电气引擎,Motor Drive,でんきエンジン,受到电属性的招式攻击时，不会受到伤害，而是速度会提高。,电,yes,4,,"具有该特性的宝可梦不受电屬性招式的影响，当被电属性的招式击中时，提升1级速度。
该特性只能确保自己不受电属性招式的伤害，不能吸引电属性招式。
可以抵御电属性的变化招式。包括通过其他方式变为电属性的变化招式。
对于连续招式，只会触发1次特性效果。
触发该特性时，与没有效果相同，不会触发招式的附加效果。
该特性的宝可梦无法触发自身携带的充电电池。",,,,,,,
104,破格,Mold Breaker,かたやぶり,可以不受对手特性的干扰，向对手使出招式。,特性C,,4,,"拥有该特性的宝可梦使出招式时能够使目标自身、目标同伴以及自身同伴的一部分特性失效。
当拥有该特性的宝可梦登场时会出现提示：[宝可梦的名字]打破了常规！。
当拥有该特性的宝可梦强制拉对手的备战宝可梦上场时，上场的备战宝可梦的特性不会对场上的毒菱、撒菱和黏黏网状态生效。
这是破格特性唯一能够令魔法防守特性失效的情况。可以无效的特性宝可梦仅仅在受到招式影响时，它的特性才有可能因招式施加方拥有破格特性而失效。对于某些特性在受到招式影响以外的时间产生的效果，或者对于不在受到招式影响时发动的特性，破格特性没有任何作用。



生效世代

可以无效的特性


第三世代起

战斗盔甲、恒净之躯、湿气、引火、怪力钳、精神力、锐利目光、飘浮、神奇鳞片、沙隐、硬壳盔甲、鳞粉、隔音、黏着、结实、吸盘、厚脂肪、蓄电、储水、白色烟雾、神奇守护、避雷针*、免疫†、迟钝†、干劲†、不眠†、柔软†、我行我素†、熔岩铠甲†、水幕†


第四世代起

干燥皮肤、过滤、耐热、叶子防守、电气引擎、单纯、雪隐、坚硬岩石、蹒跚、纯朴、引水*、花之礼‡


第五世代起

健壮胸肌、唱反调、友情防守、重金属、轻金属、魔法镜、多重鳞片、食草、心灵感应、奇迹皮肤


第六世代起

防弹、毛皮大衣、防尘、芳香幕‡、甜幕‡、花幕‡、草之毛皮


第七世代起

鮮艷之軀、画皮、女王的威严、毛茸茸、水泡†


第八世代起

镜甲、庞克摇滚、冰鳞粉、结冻头、粉彩护幕†


第九世代起

热交换†、洁净之盐、焦香之躯、乘风、看门犬、黄金之躯、尾甲、食土
注*：破格特性也会使避雷针和引水的强制选择目标效果失效。
注†：破格特性能够使免疫、迟钝、干劲、不眠、柔软、我行我素、熔岩铠甲、水幕、热交换等免疫特定异常状态的特性失效而使得拥有这些特性的宝可梦暂时陷入对应的异常状态，当它们陷入异常状态后，会立即重新发动特性治愈这些异常状态。
注‡：破格特性能够使同伴的花之礼、芳香幕、花幕、甜幕等特性失效。即使同伴拥有这些特性，拥有破格特性的宝可梦在攻击时也会受到目标的黏滑、迷人之躯、诅咒之躯和道具红线等的影响，并且不会因为花之礼而增加攻击。",,,,,yes,,
103,笨拙,Klutz,ぶきよう,无法使用持有的道具。,道具,,4,,"携带物品的能力失效（包括负面效果）。
拥有笨拙特性的宝可梦无法使用投掷，但能够使用掉包及戏法。
如果该特性的宝可梦使用能通过道具改变招式属性的招式时（如制裁光砾），招式为一般屬性。
以下道具依然有效：
超级石、朱红色宝珠、靛蓝色宝珠和Ｚ纯晶；
影响基础点数、经验值和亲密度的携带物品（如护符金币、幸运蛋、力量负重、安抚之铃等）；
携带物品的对战外效果（如不变之石、洁净之符、头巾等）。",,,,,,,
109,纯朴,Unaware,てんねん,可以无视对手能力的变化，进行攻击。,一般,yes,4,,"拥有该特性的宝可梦在使用招式攻击时，无视对方防御、特防和闪避率的能力变化；拥有该特性的宝可梦在受到招式攻击时，无视对方攻击、特攻和命中的能力变化，不无视自己攻击、特攻和命中的能力变化。
因混乱而对自己造成伤害时，会按照自身的能力变化计算伤害。
该特性只在伤害和命中的计算过程中无视对方的能力变化，故：
不会影响辅助力量、嚣张和惩罚的威力。
使用吸取力量回复的体力会根据对方攻击的能力变化而变化。
拥有该特性的宝可梦使用欺诈攻击时，无视对方防御的能力变化，但会计算攻击的能力变化；拥有该特性的宝可梦受到欺诈攻击时，无视自身攻击的能力变化。",,,,,,,
85,耐热,Heatproof,たいねつ,耐热的体质会让火属性的招式伤害减半。,钢,yes,4,,该特性的宝可梦受到火屬性招式和灼伤造成的伤害变为原本的1⁄2。,,,,,,,
113,胆量,Scrappy,きもったま,一般属性和格斗属性的招式可以击中幽灵属性的宝可梦。对威吓也毫不动摇。,一般,,4,,"拥有该特性的宝可梦使用一般屬性及格斗屬性招式可以命中幽灵屬性宝可梦，属性相性改为×1，另一属性参与计算。
拥有该特性的宝可梦不会受到威吓的影响。",,,,,,,
120,舍身,Reckless,すてみ,自己会因反作用力受伤的招式，其威力会提高。,格斗,,4,,使用具有反作用力伤害的招式时，招式威力提升20%。作用范围包括飞踢、飞膝踢和下压踢，但不包括挣扎、惊爆大头、铁蹄光线和叶绿爆震。,,,,,,,
122,花之礼,Flower Gift,フラワーギフト,晴朗天气时，自己与同伴的攻击和特防能力会提高。,草,,4,,"在大晴天或大日照天气时，己方所有宝可梦攻击与特防提升50%，樱花儿的形态会从阴天形态变为晴天形态。
该特性仅当拥有者为樱花儿时有效，当樱花儿失去该特性时会变回阴天形态。",,no,,yes,yes,no,
82,贪吃鬼,Gluttony,くいしんぼう,原本ＨＰ变得很少时才会吃树果，在ＨＰ还有一半时就会把它吃掉。,树果,,4,,当宝可梦的ＨＰ不大于最大ＨＰ的1⁄2，而不是通常的1⁄4时，携带的树果就会被食用。,,,,,,,
105,超幸运,Super Luck,きょううん,因为拥有超幸运，攻击容易击中对手的要害。,飞行,,4,当该特性的宝可梦配置在同行宝可梦首位时，野生宝可梦携带物品的概率增加。,击中要害等级提升1级。可以与要害攻击、聚气叠加。,,,,,,,
77,蹒跚,Tangled Feet,ちどりあし,在混乱状态时，闪避率会提高。,飞行,yes,4,,對擁有該特性且處於混亂狀態的寶可夢使用招式時，命中率僅為原本的一半。,,,,,,,
84,轻装,Unburden,かるわざ,失去所持有的道具时，速度会提高。,速度,,4,,"当失去携带物品时速度加倍。
輕裝特性发动中，如果获得新的道具、失去轻装特性或者被换下场，则效果消失。
如果本来就没有携带物品，则轻装特性不发动。
轻装特性引发的速度加倍状态不会被接棒传递。",,,,,,,
111,过滤,Filter,フィルター,受到效果绝佳的攻击时，可以减弱其威力。,超能力,yes,4,,效果絕佳招式造成的伤害降低1⁄4。,,,,,,,
92,连续攻击,Skill Link,スキルリンク,如果使用连续招式，总是能使出最高次数。,一般,,4,,"使用攻击次数浮动在2～5次之间的连续招式时，攻击次数会固定在5次。使用三连踢、三旋击或鼠数儿时，只计算一次命中率。
即使发动攻击的宝可梦的特性在中途失去连续攻击特性（如变为木乃伊特性），仍然会继续攻击最大次数。",,,,,,,
91,适应力,Adaptability,てきおうりょく,与自身同属性的招式威力会提高。,攻击,,4,,"属性一致加成对攻击招式威力的提升从原本的1.5倍提升至2倍。
如果具有此特性的宝可梦进行了太晶化，则只有和太晶属性一致的伤害招式的加成会因适应力变为2倍，其他原本属性的属性一致加成仍为1.5倍。如果宝可梦的太晶属性与其原本的属性之一相同，则该属性的属性一致加成会变为2.25倍。",,,,,,,
118,采蜜,Honey Gather,みつあつめ,战斗结束时，有时候会捡来甜甜蜜。,虫,,4,"在对战结束后，如果拥有该特性的宝可梦没有携带物品，那么它可能采到甜甜蜜，等级越高采到甜甜蜜的几率越高。
以下为各等级采到甜甜蜜的概率表。



等级

概率


1-10

5


11-20

10


21-30

15


31-40

20


41-50

25


51-60

30


61-70

35


71-80

40


81-90

45


91-100

50",,,,,,,,
89,铁拳,Iron Fist,てつのこぶし,使用拳类招式的威力会提高。,格斗,,4,,拳类招式的威力上升20%。,,,,,,,
117,降雪,Snow Warning,ゆきふらし,出场时，会将天气变为下雪。,冰,,4,,"当該寶可夢登场时，天气转为下雪并持续5回合。
在携带了道具冰冷岩石的情况下，下雪会持续8回合。
在大雨、大日照和乱流天气下，特性发动失败。
如果有多只拥有可更换天气特性的宝可梦同时登场，那么将会按照宝可梦的速度依次发动特性改变天气，后者覆盖前者。发动失败的情况下除外。",,,,,yes,,
81,雪隐,Snow Cloak,ゆきがくれ,下雪天气时，闪避率会提高。,冰,yes,4,当该特性的宝可梦配置在同行宝可梦首位时，在冰雹天气中野生宝可梦出现机率减少50%。,"天气处于冰雹或下雪状态时，闪避率提升20%。
不具有冰屬性的宝可梦获得该特性后不受冰雹天气的伤害。",,,,,,,
108,预知梦,Forewarn,よちむ,出场时，只读取１个对手拥有的招式。,超能力,,4,,"预知对手威力最强的招式，双打对战中会预知对方2只宝可梦中威力最强的招式。如果这样的招式有多个，将会随机预知一个。
提示为：读取了<宝可梦的名字>的<招式名称>！
变化招式的威力视为1。
基础威力为“变化”的非变化招式，威力根据以下取值。



威力

招式


150

断头钳、角钻、地裂和绝对零度


120

双倍奉还、镜面反射、金属爆炸和复仇


80

所有其他基础威力为“变化”的招式",,,,,yes,,
95,飞毛腿,Quick Feet,はやあし,变为异常状态时，速度会提高。,速度,,4,当该特性的宝可梦配置在同行宝可梦首位时，野生宝可梦出现机率减小。,陷入异常状态时速度提升50%，并无视麻痹降低速度的效果。异常状态恢复或失去特性时速度恢复。,,,,,,,
98,魔法防守,Magic Guard,マジックガード,不会受到攻击以外的伤害。,超能力,yes,4,,"不会受到天气、道具、特性、异常状态、状态变化、除挣扎之外的反作用力伤害的招式等造成的伤害。
非伤害效果仍然保留：例如灼伤状态的攻击减半效果，剧毒状态的伤害计数增加，生命宝珠对招式威力的增幅作用。
由于未受到寄生种子的伤害，对手也不会回复ＨＰ。下列会减少ＨＰ的效果不能被此特性防止：
招式的副作用：
由于使用诅咒、替身、腹鼓、分担痛楚而失去ＨＰ
由同命、灭亡之歌直接导致的濒死状态
造成自身陷入濒死状态的招式
由于挣扎而受到的反作用力伤害
由于混乱而对自己造成的伤害在第四世代中，在对战外中毒依然会减少ＨＰ。",,,,,,,
128,不服输,Defiant,まけんき,被对手降低能力时，攻击会大幅提高。,攻击,,5,,"能力变化被对手降低时，每降低一种能力，攻击就会提升2级。若有多个能力被下降，那么上升攻击的阶级相应增加。
下列情况将触发此特性：
受到对手的招式影响导致能力变化降低（例如受到清除浓雾）。
受到对手的特性影响导致能力变化降低（例如受到威吓）。
踩到黏黏网导致速度降低。
极巨团体战中神秘障壁被打破导致防御和特防降低，会触发两次。下列情况不能触发此特性：
由于招式的副作用导致能力变化降低（例如使用近身战）。
双打对战中由队友使用招式导致能力变化降低（例如使用抛下狠话）",,,,,,,
137,中毒激升,Toxic Boost,どくぼうそう,变为中毒状态时，物理招式的威力会提高。,毒,,5,,中毒或剧毒状态时，攻击力增加50%。,,,,,,,
145,健壮胸肌,Big Pecks,はとむね,不会受到防御降低的效果。,飞行,yes,5,,该特性的宝可梦的防御能力不会下降。,,,,,,,
164,兆级电压,Teravolt,テラボルテージ,可以不受对手特性的干扰，向对手使出招式。,电,,5,,"当拥有该特性的宝可梦登场时会出现提示：[宝可梦的名字]正在释放溅射气场！*
拥有该特性的宝可梦使出招式时能够使目标自身、目标同伴以及自身同伴的一部分特性失效。
当拥有该特性的宝可梦强制拉对手的后备宝可梦上场时，上场的后备宝可梦的特性不会对场上的毒菱、撒菱和黏黏网状态生效。
可以无效的特性所有会被无效化的特性，都是在受到招式影响时能够发动的特性。



引入世代

可以无效的特性


第三世代

战斗盔甲、恒净之躯、湿气、引火、怪力钳、精神力、锐利目光、飘浮、神奇鳞片、沙隐、硬壳盔甲、鳞粉、隔音、黏着、结实、吸盘、厚脂肪、蓄电、储水、白色烟雾、神奇守护、避雷针*、免疫†、迟钝†、干劲†、不眠†、柔软†、我行我素†、熔岩铠甲†、水幕†


第四世代

干燥皮肤、过滤、耐热、叶子防守、电气引擎、单纯、雪隐、坚硬岩石、蹒跚、纯朴、引水*、花之礼‡、魔法防守


第五世代

健壮胸肌、唱反调、友情防守、重金属、轻金属、魔法镜、多重鳞片、食草、心灵感应、奇迹皮肤


第六世代

防弹、毛皮大衣、防尘、芳香幕‡、甜幕‡、花幕‡


第七世代

鮮艷之軀、画皮、女王的威严、毛茸茸、水泡†


第八世代

镜甲、庞克摇滚、冰鳞粉、结冻头、粉彩护幕†
注*：兆级电压特性也会使避雷针和引水的强制选择目标效果失效。
注†：兆级电压特性能够使免疫、迟钝、干劲、不眠、柔软、我行我素、熔岩铠甲、水幕等特性失效而使得拥有这些特性的宝可梦暂时陷入对应的异常状态，但轮到拥有上述特性的宝可梦行动时，牠们会立即发动特性治愈这些异常状态。
注‡：兆级电压特性能够使同伴的花之礼、芳香幕、花幕、甜幕等特性失效。即使同伴拥有这些特性，拥有兆级电压特性的宝可梦在攻击时也会受到目标的黏滑、迷人之躯、诅咒之躯和道具红线等的影响，并且不会因为花之礼而增加攻击。",,,,,yes,,
144,再生力,Regenerator,さいせいりょく,退回同行队伍后，ＨＰ会少量回复。,回复,,5,,"交换下场时，回复自身最大ＨＰ的1⁄3。
如果在特性受到影响时离场，先判定再生力特性的ＨＰ回复再恢复特性。因此，受无特性或特性互换等效果影响而失去再生力特性的宝可梦离场时不回复ＨＰ。通过特性互换或复制获得再生力特性后离场时回复ＨＰ。
再生力特性不受回复封锁影响。",,,,,,,
148,分析,Analytic,アナライズ,如果在最后使出招式，招式的威力会提高。,建筑,,5,,"如果其他所有宝可梦的行动都在自己之前，则自己使用的招式的威力提高30%。
如果其他所有宝可梦都是在本回合替换上场的，分析特性也能发动。",,,,,,,
132,友情防守,Friend Guard,フレンドガード,可以减少我方的伤害。,妖精,yes,5,,"己方场上除自己以外的宝可梦受到的招式直接造成的伤害减少1⁄4。
如果自身场上有多个拥有该特性的宝可梦，特性效果可以叠加。
如在三打对战中有两只拥有友情防守的宝可梦，则另外一只宝可梦受到的伤害就会减少为原来的3⁄4 × 3⁄4 = 9⁄16。",,,,,,,
138,受热激升,Flare Boost,ねつぼうそう,变为灼伤状态时，特殊招式的威力会提高。,火,,5,,灼伤状态时，特攻上升50%。,,,,,,,
150,变身者,Imposter,かわりもの,变身为当前面对的宝可梦。,一般,,5,,"主頁面：变身（状态）登场时以对手对应位置的宝可梦为目标进入变身状态。在皇家对战中，以该特性宝可梦的对角线位置为目标进入变身状态。
如果目标处于幻觉之下、变身状态、替身的保护下，或者目标位置没有宝可梦，则变身者特性发动失败。",,no,,yes,yes,no,
126,唱反调,Contrary,あまのじゃく,能力的变化发生逆转，原本提高时会降低，而原本降低时会提高。,恶,yes,5,,"该特性的宝可梦受到的能力变化，能力变化变为原本的反向变动。上升变为下降，下降变为上升。
如果使用特性互换等招式，让能学会该招式的宝可梦的特性变成唱反调，使用腹鼓会让它的攻击阶级变为↓↓↓↓↓↓，并且降低ＨＰ。
具有破格、兆级电压或涡轮火焰的宝可梦造成的能力变化不受唱反调的影响。通过接棒或自我暗示传递的能力变化会正常保留。
麻痹和灼伤造成的能力降低也不受影响。
唱反调的判定优先于白雾、能力防守和花幕。
由变化招式升级成的Ｚ招式所带来的附加效果不受该特性的影响。
比如说变圆变成Ｚ招式后，Ｚ力量效果的命中↑不受该特性的影响，然而之后的防御↑效果还是会因为该特性而变成↓。
如果使用的Ｚ招式是诸如九彩升华齐聚顶、炽魂热舞烈音爆这种的话，能力还是会因为该特性反向变动。",,,,,,,
136,多重鳞片,Multiscale,マルチスケイル,ＨＰ全满时，受到的伤害会变少。,龙,yes,5,,ＨＰ全满时，受到的攻击伤害减为原来的1⁄2。,,,,,,,
147,奇迹皮肤,Wonder Skin,ミラクルスキン,成为不易受到变化招式攻击的身体。,变化,yes,5,,变化招式对该特性的宝可梦命中率减半。,,,,,,,
149,幻觉,Illusion,イリュージョン,假扮成同行队伍中的最后一只宝可梦出场，迷惑对手。,恶,,5,,"出场时幻化为同行宝可梦中最后一只有战斗能力的宝可梦的样子，受到攻击招式伤害则恢复原形。
此外，使用Ｚ招式后或失去幻觉特性（如单纯光束、烦恼种子、胃液、找伙伴等），形态复原。
处于幻觉状态中的宝可梦可以极巨化，同时不会消除幻觉效果，但幻化成苍响、藏玛然特、以及无极汰那时无法极巨化。拥有这个特性的宝可梦变身时，会连形态、性别、称呼对象的昵称（仅限和朋友对战时）、根据体重而变化的出场落地特效、是否为异色以及精灵球的种类都一并变化，但唯独等级显示的是自身的等级。
变身时只改变外形与名字等视觉上的要素，不改变属性相克、特性、招式与实际性别。
替换宝可梦会导致同行宝可梦的排序改变，幻觉特性以交换前的宝可梦顺序决定。如果同行宝可梦中最后一只不处于濒死状态的宝可梦是幻觉宝可梦本身，幻觉特性不会发动。对幻觉状态下的宝可梦使用变身会失败，并无法发动变身者。",no,no,yes,yes,yes,no,
125,强行,Sheer Force,ちからずく,招式的追加效果消失，但因此能以更高的威力使出招式。,攻击,,5,,"附带追加效果的攻击招式的威力提升30%，但这些招式的追加效果不再发动。
对王者之证、锐利之牙和投掷道具带来的追加效果无效，追加效果能够正常发动，并且招式的威力也不会因此上升。
对极巨招式无效。
对缝影、掷锚以外的造成无法逃走状态的招式无效。
对上菜仅有提升威力的效果。
此外，对泡影的咏叹调、诡异咒语和喷射拳有效。如果攻击方发动了强行特性，下列在伤害计算后才处理的效果会被忽略：
防御方的变色、怒火沖天、跃跃欲逃、危险回避、順手牽羊特性；
防御方的陷阱甲殼招式的觸發；
攻击方携带的贝壳之铃、防御方携带的红牌、逃脱按键、亚开果、香罗果；
攻击方的生命宝珠的损失ＨＰ的副作用，但不包括增加招式威力的效果。",,,,,,,
141,心情不定,Moody,ムラっけ,每一回合，能力中的某项会大幅提高，而某项会降低。,变化,,5,,每回合结束时攻击、防御、特攻、特防、速度中随机一项提升2级，随机另一项降低1级。,,,,,,,
140,心灵感应,Telepathy,テレパシー,读取我方的攻击，并闪避其招式伤害。,超能力,yes,5,,该特性的宝可梦不会被同伴的物理招式和特殊招式命中。例如：在双打对战中，同伴对自身以外的宝可梦使用放电，该特性宝可梦不会受到攻击。,,,,,,,
158,恶作剧之心,Prankster,いたずらごころ,可以率先使出变化招式。,恶,,5,,"该特性的宝可梦使用变化招式时优先度+1，包括变化招式的Ｚ招式。
受此特性影响的变化招式对对手的恶屬性宝可梦无效。
对入场宝可梦生效的招式、影响天气的招式与戏法空间等招式并不直接影响场上的宝可梦，就算对手宝可梦是恶属性也可以正常作用。如果使用的招式本身优先度为 0，经过恶作剧之心的加成后优先度为正，则可以被快速防守、精神场地、女王的威严等所抵挡。
恶屬性的宝可梦受到以自身为目标的变化招式，仍能使用魔法反射或凭借魔法镜把恶作剧之心引起优先度增加的变化招式无效化，并反弹给招式的使用者，除非对方同是恶属性宝可梦。",,,,,,,
146,拨沙,Sand Rush,すなかき,沙暴天气时，速度会提高。,地面,,5,,"沙暴天气时，速度能力变为原来的2倍。
拥有该特性的宝可梦不受沙暴天气的伤害。",,,,,,,
139,收获,Harvest,しゅうかく,可以多次制作出已被使用掉的树果。,草,,5,当该特性的宝可梦配置在同行宝可梦首位时，能够提升野外遭遇草屬性宝可梦的概率。,"每回合结束有50%机率获得使用过的树果（包括对方宝可梦携带，但被该特性的宝可梦使用），大晴天或大日照下几率为100%。
收获特性每回合最多触发一次。如果携带的树果在再次获得后立即被消耗，直到下一次收获能再次触发。
如果超过一个宝可梦有收获特性，速度快的宝可梦先获得使用过的树果。
收获特性无法重复获得被其他宝可梦使用的树果。例如对方宝可梦使用了虫咬。",,,,,,,
152,木乃伊,Mummy,ミイラ,被对手接触到后，会将对手变为木乃伊。,幽灵,,5,,"受到接触类招式攻击时，攻击方的特性变为木乃伊。变为木乃伊后，与无特性状态相似。
如果该接触类招式是连续招式，在第一下攻击后攻击方的特性会变为木乃伊，并且与增减招式伤害无关的特性效果在攻击结束前仍旧存在。
连续攻击特性变为木乃伊后，仍然会继续攻击最大次数。
亲子爱特性变为木乃伊后，仍然会继续攻击第二次，并且第二击的威力仍然是第一击的1⁄4。
胆量特性变为木乃伊后，如果使用的连续招式是一般屬性或格斗屬性，从第二下开始的攻击仍然能打中幽灵屬性。
诸如毅力、大力士之类能增减招式伤害的特性变为木乃伊后，这类特性的效果会立刻消失。如果拥有坚硬脑袋特性的宝可梦使用了反作用力伤害的招式，则仍然要受到反作用力伤害。
如果攻击方特性为甩不掉的气味或无法被覆盖的特性，如多属性、达摩模式、战斗切换、界限盾壳、鱼群、画皮、结冻头、牵绊变身、群聚变形、绝对睡眠、ＡＲ系统、一口导弹、人马一体、全能变身、发号施令、古代活性、夸克充能、绯红脉动、强子引擎等，则攻击方的特性不会变为木乃伊。",yes,yes,yes,yes,no,yes,
154,正义之心,Justified,せいぎのこころ,受到恶属性的招式攻击时，因为正义感，攻击会提高。,格斗,,5,,受到恶屬性招式攻击时，自身攻击提升1级。该特性的宝可梦受到恶属性连续招式时，每一次攻击都能触发该特性。,,,,,,,
143,毒手,Poison Touch,どくしゅ,只通过接触就有可能让对手变为中毒状态。,毒,,5,,"该特性的宝可梦使用接触类招式时，有30%的机率使对手中毒。
毒手特性与招式的追加效果之和等于中毒的发生概率。毒手特性可在木乃伊触发前，使对方中毒。对于连续招式，每次招式会触发毒手特性。
如果目标有能防止中毒特性和招式，毒手对目标无法中毒。",,,,,,,
159,沙之力,Sand Force,すなのちから,沙暴天气时，岩石属性、地面属性和钢属性的招式威力会提高。,地面,,5,,在沙暴天气下，该特性的宝可梦不受沙暴伤害，同时使用的岩石屬性、钢屬性、地面屬性招式威力提升30%。,,,,,,,
131,治愈之心,Healer,いやしのこころ,有时会治愈异常状态的同伴。,妖精,,5,,在双打和三打对战中，每回合结束有30%的机率治愈一名同伴的异常状态。,,,,,,,
163,涡轮火焰,Turboblaze,ターボブレイズ,可以不受对手特性的干扰，向对手使出招式。,火,,5,,"当拥有该特性的宝可梦登场时会出现提示：「[宝可梦的名字]正在释放炽焰气场！」
拥有该特性的宝可梦使出招式时能够使目标自身、目标同伴以及自身同伴的一部分特性失效。
当拥有该特性的宝可梦强制拉对手的备战宝可梦上场时，上场的备战宝可梦的特性不会对场上的毒菱、撒菱和黏黏网状态生效。
可以无效的特性所有会被无效化的特性，都是在受到招式影响时能够发动的特性。



引入世代

可以无效的特性


第三世代

战斗盔甲、恒净之躯、湿气、引火、怪力钳、精神力、锐利目光、飘浮、神奇鳞片、沙隐、硬壳盔甲、鳞粉、隔音、黏着、结实、吸盘、厚脂肪、蓄电、储水、白色烟雾、神奇守护、避雷针*、免疫†、迟钝†、干劲†、不眠†、柔软†、我行我素†、熔岩铠甲†、水幕†


第四世代

干燥皮肤、过滤、耐热、叶子防守、电气引擎、单纯、雪隐、坚硬岩石、蹒跚、纯朴、引水*、花之礼‡、魔法防守


第五世代

健壮胸肌、唱反调、友情防守、重金属、轻金属、魔法镜、多重鳞片、食草、心灵感应、奇迹皮肤


第六世代

防弹、毛皮大衣、防尘、芳香幕‡、甜幕‡、花幕‡


第七世代

鮮艷之軀、画皮、女王的威严、毛茸茸、水泡†


第八世代

镜甲、庞克摇滚、冰鳞粉、结冻头、粉彩护幕†
注*：涡轮火焰特性也会使避雷针和引水的强制选择目标效果失效。
注†：涡轮火焰特性能够使免疫、迟钝、干劲、不眠、柔软、我行我素、熔岩铠甲、水幕等特性失效而使得拥有这些特性的宝可梦暂时陷入对应的异常状态，但轮到拥有上述特性的宝可梦行动时，它们会立即发动特性治愈这些异常状态。
注‡：涡轮火焰特性能够使同伴的花之礼、芳香幕、花幕、甜幕等特性失效。即使同伴拥有这些特性，拥有涡轮火焰特性的宝可梦在攻击时也会受到目标的黏滑、迷人之躯、诅咒之躯和道具红线等的影响，并且不会因为花之礼而增加攻击。",,,,,yes,,
133,碎裂铠甲,Weak Armor,くだけるよろい,受到物理招式的伤害时，防御会降低，速度会大幅提高。,岩石,,5,,受到物理招式攻击时，防御降低1级，速度提升2级。物理连续招式的每一击都会触发此特性。,,,,,,,
151,穿透,Infiltrator,すりぬけ,可以穿透对手的壁障或替身进行攻击。,幽灵,,5,,"该特性的宝可梦不受对方的反射壁、光墙、神秘守护、白雾、替身和极光幕状态影响。
如果使用的招式是变身或者自由落体，仍然不能穿透替身。",,,,,,,
127,紧张感,Unnerve,きんちょうかん,让对手紧张，使其无法食用树果。,树果,,5,,"对手的宝可梦无法使用树果。
该特性的宝可梦使用虫咬、啄食攻击对方，依然能获得树果效果。
紧张感特性在上场时发动，且必定先于其他特性（不包括化学变化气体）。通过复制、找伙伴、特性互换得到的紧张感则不会立即发动，而会等到场上有宝可梦登场后才优先发动。
紧张感特性的宝可梦一离场（替换、倒下），特性的效果消失的瞬间树果就会发动效果。
紧张感特性阻碍回复ＨＰ的树果发动效果的情况下，紧张感特性的宝可梦受到同伴的全场攻击招式的伤害倒下后，同回合内对手也受到该招式的伤害，在濒死判定前树果的效果会发动，回复ＨＰ，最终导致对手虽然ＨＰ变为了0但是由于随后树果的回复而没有陷入濒死状态。
在第五世代，结算顺序有些不同，紧张感的宝可梦一倒下对手的树果就会立刻发动效果回复ＨＰ，随后再计算受到的该全场攻击招式的伤害，且伤害会大幅减少，但结果还是一样，不会陷入濒死状态，最终剩余的ＨＰ等于ＨＰ为0的状态下树果回复的ＨＰ量。
只有在对手的ＨＰ变为0之前，对手的ＨＰ在树果可以发动效果的范围之内才会出现此现象。
紧张感特性的宝可梦使用自爆或者大爆炸令对手的ＨＰ变为0的情况下也会出现此现象。以下招式或特性不受该特性的影响：
茶会
大快朵颐
反刍",,,,,yes,,
155,胆怯,Rattled,びびり,受到恶属性、幽灵属性和虫属性的攻击或威吓时，会因胆怯而速度提高。,超能力,,5,,"该特性的宝可梦受到恶屬性、幽灵屬性和虫屬性属性招式攻击时，速度提升1级。对于恶屬性、幽灵屬性和虫屬性连续招式，每次攻击都能触发该特性。
受到威吓影响，该特性的宝可梦速度提升1级。",,,,,,,
162,胜利之星,Victory Star,しょうりのほし,自己和同伴的命中率会提高。,超能力,no,5,,场上己方全部宝可梦的招式的命中率提升10%。,,,,,,,
153,自信过度,Moxie,じしんかじょう,如果打倒对手，就会充满自信，攻击会提高。,攻击,,5,,"该特性的宝可梦打败任意一方的一只宝可梦后，自身攻击提升1级。
该特性的宝可梦使用接触类招式打败特性为木乃伊的宝可梦后，特性变为木乃伊，不触发自信过度的效果。",,,,,,,
130,诅咒之躯,Cursed Body,のろわれボディ,受到攻击时，有时会把对手的招式变为定身法状态。,幽灵,,5,,"拥有该特性的宝可梦受到攻击时，有30%几率使目标陷入定身法状态。
攻击方在替身状态下或拥有该特性的宝可梦陷入濒死状态时特性仍然会发动，但拥有该特性的宝可梦在替身状态下时特性不会发动。
如果诅咒之躯在目标使用连续招式的过程中使目标陷入了定身法状态，之后的行动仍会正常执行；如果目标使用了使出其它招式的招式并用其他招式造成了伤害，那么该使出其它招式的招式会被陷入定身法状态。
如果使出的是蓄力的招式，则陷入定身法状态的是使出的这个蓄力的招式。被定身法后通过使出其它招式的招式再次使出这个蓄力的招式，只有蓄力的回合能正常进行，蓄力后的回合会因为定身法状态而攻击失败。诅咒之躯可以对Ｚ招式生效，陷入定身法状态的是Ｚ招式而不是原本的招式。
如果是变化招式升级成的Ｚ招式（例如Ｚ自然之力），则陷入定身法状态的是原本招式。诅咒之躯对友方宝可梦有效。",,,,,,,
129,软弱,Defeatist,よわき,ＨＰ减半时，会变得软弱，攻击和特攻会减半。,岩石,,5,,该特性的宝可梦ＨＰ不足1⁄2时，攻击与特攻降为1⁄2。,,,,,,,
135,轻金属,Light Metal,ライトメタル,自身的重量会减半。,钢,yes,5,,自身体重变为正常的一半。,,,,,,,
161,达摩模式,Zen Mode,ダルマモード,ＨＰ变为一半以下时，样子会改变。,火,,5,,在ＨＰ不足一半时转变为达摩模式形态，替换、ＨＰ恢复至1⁄2以上或者战斗结束后形态恢复。如果进入战斗时ＨＰ不足一半，则会在开始战斗一回合后转变为达摩模式形态。,no,no,no,no,no,no,
134,重金属,Heavy Metal,ヘヴィメタル,自身的重量会变为２倍。,钢,yes,5,,自身体重变为正常的两倍。,,,,,,,
160,铁刺,Iron Barbs,てつのトゲ,用铁刺给予接触到自己的对手伤害。,钢,,5,,"受到接触类招式攻击时对手会损失最大体力的1⁄8。
连续招式的每一击都会触发此特性。
有铁刺特性的宝可梦使用守住并被攻击方使用Ｚ招式攻击时，铁刺特性不会发动。",,,,,,,
142,防尘,Overcoat,ぼうじん,不会受到沙暴的伤害。也不会受到粉末类和孢子类招式的影响。,蟲,yes,5,,该特性的宝可梦不会受到沙暴和冰雹天气带来的影響，對粉末类招式免疫。,,,,,,,
124,顺手牵羊,Pickpocket,わるいてぐせ,盗取接触到自己的对手的道具。,恶,,5,,"当该特性的宝可梦未携带任何道具时受到接触类招式攻击，可以获得对手的道具。
该特性对黏着特性的宝可梦无效。野生宝可梦不会发动该特性。该特性的宝可梦被接触类招式击倒时不发动该特性。
该特性的宝可梦受到接触类连续招式（如扫尾拍打）时，最后一次攻击发动特性。如果多个拥有该特性的宝可梦被同一接触类招式（如狂舞挥打）命中并满足特性发动条件时，速度最快的宝可梦获得对方的道具。
该特性可以在自身的道具因接触类招式转移到攻击方身上之后（如通过对方的魔术师特性，小偷等招式，以及自身的附着针等）立即发动将该道具取回。
该特性的宝可梦所携带的特定物品如果在受到攻击时立即消耗（如被拍落，或发动气势披带，弱点保险等），会在消耗后立即偷取攻击方的道具。
以下道具无法偷取：
邮件；
阿尔宙斯携带的石板；
盖诺赛克特携带的卡带；
银伴战兽携带的存储碟；
骑拉帝纳携带的白金宝珠；
固拉多携带的朱红色宝珠；
盖欧卡携带的靛蓝色宝珠；
能够超级进化宝可梦携带的超进化石；
Ｚ纯晶；
苍响携带的腐朽的剑；
藏玛然特携带的腐朽的盾。",,,,,,,
157,食草,Sap Sipper,そうしょく,受到草属性的招式攻击时，不会受到伤害，而是攻击会提高。,草,yes,5,,"具有该特性的宝可梦不受草屬性招式的影响，当被草属性的招式击中时，提升1级攻击。
该特性只能确保自己不受草属性招式的伤害，不能吸引草属性招式。
可以抵御草属性的变化招式。包括通过其他方式变为草属性的变化招式。
对于连续招式，只会触发1次特性效果。
触发该特性时，与没有效果相同，不会触发招式的附加效果。",,,,,,,
156,魔法镜,Magic Bounce,マジックミラー,可以不受到由对手使出的变化招式影响，并将其反弹。,超能力,yes,5,,主頁面：魔法反射（状态）自身在场时持续处于魔法反射状态，将对方以自身为目标的部分变化招式无效化，并反弹给招式的使用者。,,,,,,,
185,亲子愛,Parental Bond,おやこあい,亲子俩可以合计攻击２次。,一般,,6,,"该特性的宝可梦可以在一回合内，使用同一攻击招式两次。除部分招式外，使用攻击招式时，第二次攻击的伤害为第一次的1⁄4。
固定伤害类招式会攻击两次，并且第二次攻击的伤害不会降低，例如50级的宝可梦使用地球上投会扣除目标100ＨＰ，使用愤怒门牙会将目标的ＨＰ减少至当前的1⁄4）；
使用后下一回合自己将无法动弹的招式会攻击两次，次回合正常进入不能行动状态；
反作用力伤害的招式会攻击两次，对自己的伤害根据两次攻击造成的总伤害计算，并且在第二次攻击之后再进行结算；
特别的，拥有该特性的宝可梦使用挣扎也会攻击两次，但最终只会扣除使用者最大ＨＰ的1⁄4；
金属爆炸、镜面反射、双倍奉还和忍耐会攻击两次。如果这一招式拥有追加效果，这一追加效果也会连续判定两次，例如：
使用增强拳会连续攻击两次，提升2级攻击；
使用咬碎会连续攻击两次，每次都有20%概率降低目标1级防御，最终将有4%概率降低目标2级防御，至少有32%概率降低目标1级防御（0.2×0.8×2）；
使用岩崩会连续攻击两次，每次都有30%概率使目标畏缩，至少有51%概率使目标畏缩（0.3×0.3+0.3×0.7+0.7×0.3）；
具有副作用的招式同样会判定两次，例如使用臂锤会降低使用者2级速度；以下招式的追加效果在第二次攻击时即可发动：
使用恶意追击时第一次攻击造成伤害的情况下，第二次攻击恶意追击的威力会变成2倍；
使用盐水时如果第一次攻击使对方的ＨＰ变为1⁄2或以下，第二次攻击时威力会变成2倍。以下招式的特殊效果会在第二次攻击之后才发动：
秘密之力；
喷出；
巴投与龙尾的强制离场效果；
急速折返与伏特替换的退场效果；
治愈异常状态的效果（例如唤醒巴掌、清醒；对处于冰冻的宝可梦使用火屬性招式、热水、蒸汽爆炸同样不会使其立刻陷入灼伤状态）；
移除道具的效果（例如小偷、渴望、虫咬、烧尽、啄食、拍落）；
如果在上述招式在第一次攻击之后就使目标的道具满足发动条件，那么目标会先消耗道具，导致之后特效无法发动；
击落和千箭齐发的击落效果；
美洛耶塔使用古老之歌的变身效果。该特性不发动的情况包括：
在双打对战、三打对战中，使用多体攻击如地震等招式时，如果攻击范围内存在多只宝可梦，则该特性不发动（无论招式是否命中所有目标、是否属性相性无效、目标是否处于守住状态、招式目标是否包括同伴）；
蛮干、投掷、滚动、冰球、极巨炮；
造成自身陷入濒死状态的招式；
蓄力的招式；
Ｚ招式；
一击必杀招式；
因混乱对自己的伤害；
连续招式；
变化招式（通过使出其它招式的招式使出攻击招式的情况除外）。其他方面该特性的判定适用连续招式的判定。",yes,yes,yes,yes,no,yes,
180,共生,Symbiosis,きょうせい,同伴使用道具时，会把自己持有的道具传递给同伴。,道具,,6,,"在双打对战或三打对战中，如果己方其他宝可梦消耗了其携带的道具，拥有共生特性的宝可梦会将自己的道具转移给它。
包括使用自然之恩和投掷产生的道具转移；包括啄食和虫咬产生的道具消耗。
对于No.36—No.52的树果，当受到伤害时，才能触发该特性。
如果在群聚对战或三打对战有多只该特性的宝可梦，共生特性会触发给速度较快的宝可梦。（在戏法空间下相同）
该特性无效的情况：
其他宝可梦使用了小偷等招式转移其道具，被烧尽烧毁。
无法转移下列宝可梦的道具：
携带了Ｚ纯晶、超级石的宝可梦；
携带了朱红色宝珠的固拉多；
携带了靛蓝色宝珠的盖欧卡；
携带了卡带的盖诺赛克特；
携带了石板的阿尔宙斯；
携带了白金宝珠的骑拉帝纳；
携带了存储碟的银伴战兽。",,,,,,,
174,冰冻皮肤,Refrigerate,フリーズスキン,一般属性的招式会变为冰属性。威力会少量提高。,冰,,6,,"一般屬性招式变为冰屬性招式，且威力变为1.2倍。
觉醒力量、自然之恩、制裁光砾、高科技光炮、觉醒之舞和多属性攻击这些会改变属性的一般属性招式会先改变自身属性，然后承受冰冻皮肤特性的判定。因此只要这些招式的最终属性不是一般屬性，就既不会变成冰属性，又不会被增幅威力。
具有该特性的宝可梦进入输电状态后，使出的一般屬性招式会变为电屬性且不会被提升威力。
被该特性转化为冰属性的招式不会因为等离子浴的效应变成电属性。
具有此特性的冰屬性宝可梦使出的一般屬性攻击招式具有属性一致加成，并且能消耗冰之宝石增加招式威力。",,,,,,,
168,变幻自如,Protean,へんげんじざい,变为与自己使出的招式相同的属性。每次出场战斗仅生效一次。,未知,,6,,"自身的属性在使用招式之前变为所使用的招式的属性。转换属性的效果持续直到离开场地为止。对于两种属性的宝可梦，触发变幻自如时变为只有一种属性。
掙扎不會觸發變幻自如特性。
招式属性不固定（比如觉醒力量）时，觸發變幻自如特性，使用者的屬性變為不固定属性招式的實際屬性。
保護色觸發變幻自如特性時，使用者屬性先變為一般屬性，接着再根據場地改變屬性。
使用预知未来或者破灭之愿时，无论是使用的回合还是攻击的回合都不会触发该特性。
使用合体招式时，如果该特性的宝可梦是最先使用的话，不会触发该特性。后手的话会触发。
该特性的宝可梦使用招式后，属性一致加成会根据改变后的属性提升招式威力。
当招式没有命中或被守住时，依然能触发变幻自如。
太晶化的宝可梦使用招式时，不会触发变幻自如特性。",,,,,,,
172,好胜,Competitive,かちき,如果被对手降低能力，特攻会大幅提高。,特攻,,6,,"能力变化被对手降低时，每降低一种能力，特攻就会提升2级。
下列情况将触发此特性：
受到对手的招式影响导致能力变化降低（例如受到清除浓雾）
受到对手的特性影响导致能力变化降低（例如受到威吓）
踩到黏黏网导致速度降低
极巨团体战中神秘障壁被打破导致防御和特防降低，会触发两次下列情况不能触发此特性：
由于招式的副作用导致能力变化降低（例如使用近身战）
双打对战中由队友使用招式导致能力变化降低（例如使用抛下狠话）",,,,,,,
187,妖精气场,Fairy Aura,フェアリーオーラ,全体的妖精属性招式变强。,妖精,,6,,"拥有该特性的宝可梦在场时场上所有宝可梦使用妖精屬性招式的伤害×4⁄3。
场上有多只该特性的宝可梦时效果不会叠加。
拥有气场破坏特性的宝可梦在场会使得该特性效果逆转为全场妖精属性招式伤害×3⁄4。當擁有該特性的寶可夢登場時會出現提示：[寶可夢的名字]正在釋放妖精氣場！",,,,,yes,,
182,妖精皮肤,Pixilate,フェアリースキン,一般属性的招式会变为妖精属性。威力会少量提高。,妖精,,6,,"自己使用的一般屬性招式会变成妖精屬性，且威力变为1.2倍。
觉醒力量、自然之恩、制裁光砾、高科技光炮、觉醒之舞和多属性攻击这些会改变属性的一般属性招式会先改变自身属性，然后承受妖精皮肤特性的判定。因此只要这些招式的最终属性不是一般屬性，就既不会变成妖精属性，又不会被增幅威力。
具有该特性的宝可梦进入输电状态后，使出的一般屬性招式会变为电屬性且不会被提升威力。
被该特性转化为妖精属性的招式不会因为等离子浴的效应变成电属性。
Ｚ招式不受此特性影响。
极巨招式受此特性影响会将原本的极巨攻击改为极巨妖精，但是没有威力加成。
具有此特性的妖精屬性宝可梦使出的一般屬性攻击招式具有属性一致加成，并且能消耗妖精宝石增加招式威力。",,,,,,,
189,始源之海,Primordial Sea,はじまりのうみ,变为不会受到火属性攻击的天气。,水,,6,,"当拥有该特性的宝可梦登场时，天气转为大雨，直到该宝可梦离场、失去该特性，或被德尔塔气流或终结之地覆盖。
大雨无法被更改为其他天气，除非是因为德尔塔气流或终结之地。",,,,,yes,,
173,强壮之颚,Strong Jaw,がんじょうあご,因为颚部强壮，啃咬类招式的威力会提高。,强壮,,6,,该特性的宝可梦使用啃咬类招式的威力上升50%。,,,,,,,
191,德爾塔氣流,Delta Stream,デルタストリーム,变为令飞行属性的弱点消失的天气。,飛行,,6,,"当拥有该特性的宝可梦登场时，天气转为乱流，直到该宝可梦离场、失去该特性，或被始源之海或终结之地覆盖。
乱流无法被更改为其他天气，除非是因为始源之海或终结之地。",,,,,yes,,
176,战斗切换,Stance Change,バトルスイッチ,如果使出攻击招式，会变为刀剑形态，如果使出招式“王者盾牌”，会变为盾牌形态。,钢,,6,,"坚盾剑怪使用攻击招式时会变为刀剑形态，当使用王者盾牌时变为盾牌形态，使用其余的变化招式，形态不会改变。若招式由梦话抽取到，形态也会改变。
战斗切换在自己使用招式前发动，该判定于一些可能导致无法行动的状态（如混乱、睡眠）之后。
战斗切换不能被特性互换交换，不受目标特性改变的招式和木乃伊特性的影响，也不能被扮演招式或复制特性复制。
使用招式变身或发动特性变身者获得战斗切换特性的宝可梦无法改变形态。",no,no,no,no,,no,
186,暗黑气场,Dark Aura,ダークオーラ,全体的恶属性招式变强。,恶,,6,,"拥有该特性的宝可梦在场时场上所有宝可梦使用恶屬性招式的伤害×4⁄3。
场上有多只该特性的宝可梦时效果不会叠加。
拥有气场破坏特性的宝可梦在场会使得该特性效果逆转为全场恶属性招式伤害×3⁄4。当拥有该特性的宝可梦登场时会出现提示：[宝可梦的名字]正在释放暗黑气场！",,,,,yes,,
169,毛皮大衣,Fur Coat,ファーコート,对手给予的物理招式的伤害会减半。,防御,yes,6,,"對戰中受到物理招式攻擊時伤害減半。
受到精神击破、精神冲击、神秘之剑攻击时，伤害亦减半。
不影響固定伤害类招式的伤害。该特性不会提升扑击的伤害。",,,,,,,
188,氣場破壞,Aura Break,オーラブレイク,让气场的效果发生逆转，降低威力。,龍,,6,,"当拥有该特性的宝可梦登场时会出现提示：[宝可梦的名字]压制了所有气场！
拥有该特性的宝可梦和拥有妖精气场的宝可梦同时在场时，妖精气场效果发生逆转，双方场上所有宝可梦使用妖精屬性招式造成的伤害×3⁄4。
拥有该特性的宝可梦和拥有暗黑气场的宝可梦同时在场时，暗黑气场效果发生逆转，双方场上所有宝可梦使用恶屬性招式造成的伤害×3⁄4。
拥有破格、涡轮火焰与兆级电压特性的宝可梦使用妖精属性与恶属性招式时，气场破坏特性仍会生效。",,,,,yes,,
175,甜幕,Sweet Veil,スイートベール,自己和同伴的宝可梦不会变为睡眠状态。,妖精,yes,6,,"當擁有甜幕特性的寶可夢在場時，不让己方在場中的宝可梦进入瞌睡或睡眠状态。
已经处于瞌睡状态的宝可梦受到甜幕保护后，不会因为瞌睡而进入睡眠状态。",,,,,,,
177,疾风之翼,Gale Wings,はやてのつばさ,ＨＰ全满时，飞行属性的招式可以率先使出。,飞行,,6,,"在ＨＰ全满时，对战中使用的飞行屬性招式优先度+1。对原本优先度为正的招式及觉醒力量、自然之恩无效。
如果使用的招式本身優先度為0，經過疾风之翼的加成後優先度為正，則可以被快速防守所抵擋。
疾风之翼对Ｚ招式以及极巨招式有效。如果宝可梦发动该特性并使用極速俯衝轟烈撞、极巨飞冲时，目标正处于快速防守状态，攻击也能成功但伤害减少到原来的1⁄4。",,,,,,,
181,硬爪,Tough Claws,かたいツメ,接触到对手的招式威力会提高。,岩石,,6,,使接触类招式的威力上升30%。,,,,,,,
190,终结之地,Desolate Land,おわりのだいち,变为不会受到水属性攻击的天气。,火,,6,,"当拥有该特性的宝可梦登场时，天气转为大日照，直到该宝可梦离场、失去该特性，或被始源之海或德尔塔气流覆盖。
大日照无法被更改为其他天气，除非是因为始源之海或德尔塔气流。",,,,,yes,,
166,花幕,Flower Veil,フラワーベール,我方的草属性宝可梦能力不会降低，也不会变为异常状态。,草,yes,6,,"存在花幕特性的宝可梦的一方，其所有的草屬性宝可梦的能力变化将不会被对方的宝可梦降低，并且其所有的草属性宝可梦不会陷入异常状态。 
可以防止瞌睡状态。已经处于瞌睡状态的宝可梦受到花幕保护后，在下个回合结束时仍会陷入睡眠状态。
不能防止剧毒宝珠、火焰宝珠造成的剧毒和灼伤状态，睡觉造成的睡眠状态和森林诅咒造成的森林诅咒状态。
花幕特性不能避免自身使用近身战、飞叶风暴、流星群等招式和碎裂铠甲、心情不定等特性造成的能力变化下降的效果。",,,,,,,
165,芳香幕,Aroma Veil,アロマベール,可以防住向自己和同伴发出的心灵攻击。,妖精,yes,6,,只要有拥有芳香幕特性的宝可梦在场，己方所有的宝可梦不会受到来自对方的心灵攻击类招式影响，并且不会陷入定身法状态及着迷状态。,,,,,,,
179,草之毛皮,Grass Pelt,くさのけがわ,在青草场地时，防御会提高。,草,yes,6,,当对战场地处于青草场地状态时，拥有草之毛皮特性的宝可梦的防御会提升50%。,,,,,,,
178,超级发射器,Mega Launcher,メガランチャー,波动和波导类招式的威力会提高。,水,,6,,该特性的宝可梦所使用除治愈波动以外的波动和波导类招式的威力会提高50%，治愈波动的ＨＰ回复变为最大ＨＰ的3⁄4。,,,,,,,
171,防弹,Bulletproof,ぼうだん,可以防住对手的球和弹类招式。,防御,yes,6,,该特性的宝可梦免疫球和弹类招式的伤害。,,,,,,,
167,頰囊,Cheek Pouch,ほおぶくろ,无论是哪种树果，食用后，ＨＰ都会回复。,树果,,6,,"该特性的宝可梦食用树果时可触发原本的效果，同时额外恢复1⁄3ＨＰ。若处于回复封锁时，无法恢复ＨＰ。
训练家从包包里拿出来使用的树果对该特性无效。",,,,,,,
184,飞行皮肤,Aerilate,スカイスキン,一般属性的招式会变为飞行属性。威力会少量提高。,飞行,,6,,"自己使用的一般屬性招式变为飞行屬性招式，且威力变为1.2倍。
觉醒力量、自然之恩、制裁光砾、高科技光炮、觉醒之舞和多属性攻击这些会改变属性的一般属性招式会先改变自身属性，然后承受飞行皮肤特性的判定。因此只要这些招式的最终属性不是一般屬性，就既不会变成飞行属性，又不会被增幅威力。
具有该特性的宝可梦进入输电状态后，使出的一般屬性招式会变为电屬性且不会被提升威力。
被该特性转化为飞行属性的招式不会因为等离子浴的效应变成电属性。
具有此特性的飞行屬性宝可梦使出的一般屬性攻击招式具有属性一致加成，并且能消耗飞行宝石增加招式威力。",,,,,,,
170,魔術師,Magician,マジシャン,夺走被自己的招式击中的对手的道具。,道具,,6,,"当该特性的宝可梦攻击时可偷取对方的携带物品。该特性的宝可梦使用投掷、自然之恩、破灭之愿和预知未来时，当回合不会发动特性。
礼物和花粉团只有在造成伤害时发动特性。在魔术师特性发动前，烧尽、虫咬、啄食、小偷、渴望和拍落会偷走或消耗道具。
当该特性的宝可梦携带宝石后，本回合消耗宝石时不会发动特性。但携带强力香草时，在消耗强力香草后会发动特性。
该特性的宝可梦使用连续招式时，最后一次攻击发动特性。如果发动魔术师特性的当回合，宝可梦由于凸凸头盔等原因濒死时，不会偷取道具。
如果招式的追加效果使对手陷入了异常状态，同时对手又携带了能解除这种异常状态的树果的话，树果会先于魔术师特性发动导致其不会被偷取。
如果对携带了白色香草的对手使用诸如魔法火焰之类可以降低对方能力的招式，在对手的能力降低后，在道具发动效果前魔术师特性就会发动把道具夺取过来。
如果偷走的是生命宝珠或贝壳之铃，其削减或回复体力的效果会立刻发动。
对于木乃伊的宝可梦，攻击当回合会消除魔术师特性，无法偷取道具。
以下道具无法偷取：
邮件；
阿尔宙斯携带的石板；
盖诺赛克特携带的卡带；
银伴战兽携带的存储碟；
骑拉帝纳携带的白金宝珠；
固拉多携带的朱红色宝珠；
盖欧卡携带的靛蓝色宝珠；
能够超级进化的宝可梦携带的与自己对应的超级石；
Ｚ纯晶；
苍响携带的腐朽的剑；
藏玛然特携带的腐朽的盾。",,,,,,,
183,黏滑,Gooey,ぬめぬめ,对于用攻击接触到自己的对手，会降低其速度。,龙,,6,,"该特性的宝可梦受到接触攻击伤害后，则令攻击方速度降低1级。
接触类连续招式的每一击都会触发此特性。",,,,,,,
196,不仁不義,Merciless,ひとでなし,攻击中毒状态的对手时，必定会击中要害。,毒,,7,,擁有該特性的寶可夢每次攻擊中毒的目標時，都會擊中要害。对拥有战斗盔甲和硬壳盔甲特性的宝可梦为目标使用招式则不会触发该特性。,,,,,,,
205,先行治療,Triage,ヒーリングシフト,可以率先使出回复招式。,妖精,,7,,"在使出能回复ＨＰ的招式时，招式优先度+3。
只对目标回复而不对自身回复的招式也会受影响，例如治愈波动和花疗。
不会对水流环、扎根、寄生种子和分担痛楚造成影响。
不稳定回复的招式不受影响，例如礼物和花粉团。
造成场地型状态间接回复的招式也不受影响，例如青草场地。
能回复生命的Ｚ招式也不受影响，例如芳香治疗。",,,,,,,
207,冲浪之尾,Surge Surfer,サーフテール,电气场地时，速度会变为２倍。,电,,7,,当对战场地处于电气场地状态时，速度能力变为原来的2倍。,,,,,,,
223,化学之力,Power of Alchemy,かがくのちから,继承被打倒的同伴的特性，变为相同的特性。,毒,,7,,"当同伴陷入濒死状态后（无论何原因造成），此宝可梦的特性变成与该同伴相同。自身离场时特性还原为化学之力。
在单打对战中，此特性没有作用。
不能接收同伴的以下特性：
化学之力
接球手
幻觉
变身者
复制
神奇守护
绝对睡眠
发号施令
古代活性
夸克充能
绯红脉动
强子引擎不能接收同伴的以下特性，这些特性全部都与形态变化有关：
阴晴不定
花之礼
多属性
达摩模式
战斗切换
群聚变形
鱼群
牵绊变身
界限盾壳
画皮
ＡＲ系统
结冻头
人马一体
全能变身",,no,,,,,
194,危险回避,Emergency Exit,ききかいひ,ＨＰ变为一半时，为了回避危险，会退回到同行队伍中。,蟲,,7,,"与野生宝可梦对战中，该特性的宝可梦从高于1⁄2ＨＰ變為低于1⁄2时便會使自身退场，与训练家对战时则進行替換。
如果该特性的宝可梦ＨＰ已经低于1⁄2，即使受到伤害也不会触发特性，除非宝可梦的ＨＰ回复到1⁄2以上，并再次受到伤害变为低于1⁄2。
若该特性的宝可梦携带了能回复ＨＰ的树果，受到伤害后会先食用树果回复ＨＰ，再判定特性是否触发。若该特性的宝可梦携带了贝壳之铃，对于特性是否发动的判定在回复ＨＰ的效果之前，因此如果在使出招式后自己的ＨＰ变为了1⁄2或以下，随后又因为贝壳之铃的效果回复ＨＰ至1⁄2以上，依然可以触发特性，此时就会以ＨＰ大于1⁄2的状态退场。以下使ＨＰ變為低于1⁄2的情况，不会触发特性：
该特性的宝可梦因混乱而攻击自己；
对方宝可梦特性为强行，且使用带有追加效果的招式。
对方宝可梦使用连续招式，在连续攻击完成后才会触发特性。
与训练家对战时，除这只该特性的宝可梦外，队伍内宝可梦全部进入濒死状态。对该特性的宝可梦使用伏特替换、急速折返或快速折返，因而触发该宝可梦特性时，这类招式不会发动替换效果。
使用追打的同一回合，若该特性的宝可梦因触发特性而替换，则追打不会发动特殊效果。",,,,,,,
221,卷发,Tangling Hair,カーリーヘアー,对于用攻击接触到自己的对手，会降低其速度。,钢,,7,,"该特性的宝可梦被接触类招式命中時，對手的速度降低1個等級。
接触类连续招式的每一击都会触发此特性。",,,,,,,
214,女王的威嚴,Queenly Majesty,じょおうのいげん,向对手施加威慑力，使其无法对我方使出先制招式。,草,yes,7,,让对方使出会影响己方的先制招式失败，包含受到恶作剧之心、先行治疗或疾风之翼影响使优先度大于0的招式。,,,,,no,,
231,幻影防守,Shadow Shield,ファントムガード,ＨＰ全满时，受到的伤害会变少。,幽靈,no,7,,"ＨＰ全满时，受到的攻击伤害减为原来的1⁄2。
招式流星闪冲、日光回旋下苍穹、暗影之光、月华飞溅落灵霄、光子喷涌、焚天灭世炽光爆以及特性破格、涡轮火焰、兆级电压的效果对该特性无效。",yes,yes,yes,yes,no,yes,
224,异兽提升,Beast Boost,ビーストブースト,打倒对手的时候，自己最高的那项能力会提高。,未知,,7,,"拥有该特性的宝可梦使用攻击招式打倒宝可梦的時候，會提高自己除ＨＰ外能力值最高的一項常规能力。
打倒队友时也会触发该特性。
以下因素不会影响最高一项能力的判定：
能力变化
对战影响道具
异常状态
以下因素会影响最高一项能力的判定：
力量平分
防守平分
力量戏法
奇妙空间
速度互换
当数项能力同为最高时，按攻击、防御、特攻、特防、速度的顺序提升其中的一项。",,,,,,,
201,怒火冲天,Berserk,ぎゃくじょう,因对手的攻击ＨＰ变为一半时，特攻会提高。,特攻,,7,,"當ＨＰ因受到攻击變為1⁄2以下時，特攻會提高1個等級。该特性能重复触发。
若ＨＰ是由于间接伤害而降为1⁄2以下（如寄生种子、天气伤害、因混乱而攻击自身、生命宝珠等），该特性不会触发。",,,,,,,
202,拨雪,Slush Rush,ゆきかき,下雪天气时，速度会提高。,冰,,7,,"天气处于冰雹或下雪状态时，拥有该特性的宝可梦的速度能力变为原来的2倍。
不具有冰屬性的宝可梦仍会受到冰雹天气的伤害。",,,,,,,
192,持久力,Stamina,じきゅうりょく,受到攻击时，防御会提高。,地面,,7,,"受到攻擊時防禦會提高1個等級。
连续招式每一击都会触发该特性。
由于混乱而攻击自身时不会触发该特性。",,,,,,,
222,接球手,Receiver,レシーバー,继承被打倒的同伴的特性，变为相同的特性。,格鬥,,7,,"当同伴陷入濒死状态后，无论是何原因，此宝可梦的特性变成与该同伴相同。自身离场时特性还原为接球手。
在单打对战中，此特性没有作用。
不能接收同伴的以下特性：
接球手
化学之力
幻觉
变身者
复制
神奇守护
绝对睡眠
化学变化气体
游魂
发号施令
古代活性
夸克充能
绯红脉动
强子引擎不能接收同伴的以下特性，这些特性全部都与形态变化有关：
阴晴不定
花之礼
多属性
达摩模式
战斗切换
群聚变形
鱼群
牵绊变身
界限盾壳
画皮
ＡＲ系统
一口导弹
饱了又饿
结冻头
人马一体
全能变身",,no,yes,,,,
232,棱镜装甲,Prism Armor,プリズムアーマー,受到效果绝佳的攻击时，可以减弱其威力。,超能力,no,7,,"效果绝佳招式造成的伤害降低1⁄4。
特性破格、涡轮火焰、兆级电压和招式流星闪冲、暗影之光的效果对该特性无效。这与坚硬岩石和过滤的情况不同。",,,,,,,
218,毛茸茸,Fluffy,もふもふ,会将对手所给予的接触类招式的伤害减半，但火属性招式的伤害会变为２倍。,一般,yes,7,,"该特性的宝可梦所受到的接触类招式攻擊傷害是原本的1⁄2，但火屬性招式的傷害×2。
所受到的火屬性接触类招式攻擊傷害不变。
远隔特性的宝可梦对毛茸茸特性的宝可梦使用接触类招式伤害不变。",,,,,,,
199,水泡,Water Bubble,すいほう,降低自己受到的火属性招式的威力，不会灼伤。,水,yes,7,,"拥有该特性的宝可梦受到火屬性招式造成的伤害降低50%，不会陷入灼伤状态，并且水屬性招式的威力变为原来的两倍。
已经处于灼伤状态的宝可梦因特性互换等招式获得此特性后可以治愈灼伤。",,,,,,,
204,湿润之声,Liquid Voice,うるおいボイス,所有的声音招式都变为水属性。,水,,7,,拥有湿润之声特性的宝可梦使用的声音的招式属性均变为水屬性。,,,,,,,
210,牵绊变身,Battle Bond,きずなへんげ,打倒对手时，与训练家的牵绊会增强，自己的攻击、特攻、速度会提高。,水,,7,,,no,no,no,no,no,no,
226,电气制造者,Electric Surge,エレキメイカー,出场时，会布下电气场地。,电,,7,,"主頁面：电气场地（状态）透過讓腳下佈滿電力，布下电气场地，持续5回合。地面上的寶可夢的電屬性招式威力將會提高，並且不會變成睡眠狀態。
携带了道具大地膜的情况下，电气场地会持续8回合。",,,,,yes,,
206,电气皮膚,Galvanize,エレキスキン,一般属性的招式会变为电属性。威力会少量提高。,电,,7,,"自己使用的一般屬性招式会变成电屬性，且威力变为1.2倍。
觉醒力量、自然之恩、制裁光砾、高科技光炮、觉醒之舞和多属性攻击这些会改变属性的一般属性招式会先改变自身属性，然后承受电气皮肤特性的判定。因此只要这些招式的最终属性不是一般屬性，就既不会变成电属性，又不会被增幅威力。
具有此特性的宝可梦进入输电状态后，使出的一般屬性招式会变为电屬性但不会被提升威力。
具有此特性的电屬性宝可梦使出的一般屬性攻击招式具有属性一致加成，并且能消耗电之宝石增加招式威力。",,,,,,,
209,畫皮,Disguise,ばけのかわ,通过画皮覆盖住身体，可以防住１次攻击。,幽靈,yes,7,,"如果具有此特性的宝可梦是谜拟Ｑ（化形的样子），则画皮特性会防止任何攻击招式（包括Ｚ招式和极巨招式）或者混乱造成的伤害仅1次，并使谜拟Ｑ损失1⁄8的最大ＨＰ及变成现形的样子直到战斗结束。
能够防止以下情况：
声音的招式和穿透特性宝可梦使用攻击招式的伤害；
连续招式的仅第一次攻击的伤害；不能防止以下情况：
破格特性或者其他相同效果宝可梦使用攻击招式的伤害；
变化招式；
攻击招式附带的追加效果；
中毒、火海、沙暴等异常状态、状态变化和天气造成的伤害；
树果的ＨＰ降低效果。与携带物品相关：
画皮特性发动时，防御方携带的弱点保险和伤害减半类树果不会发动，但其他道具如凸凸头盔、红牌、逃脱按键、光苔、雪球、球根、充电电池等照常发动。
画皮特性不能阻止气球被打破，不能阻止附着针的转移。与替身状态相关：
在替身状态下受到除了声音的招式和带有穿透特性的宝可梦的攻击伤害时，替身会先防止受到伤害，而画皮特性不被触发。
在替身状态下受到声音的招式或带有穿透特性的宝可梦的攻击伤害时，替身被保留而触发画皮特性。其他：
如果谜拟Ｑ被浸水等追加或改变属性的招式改变了属性，则在画皮脱落时会恢复为原本的属性。
特性发动时如果使用双倍奉还、镜面反射或者金属爆炸，会对对手造成1ＨＰ的伤害。",no,no,no,no,no,no,
197,界限盾壳,Shields Down,リミットシールド,ＨＰ变为一半时，壳会坏掉，变得有攻击性。,岩石,no,7,,"当该特性的宝可梦为小陨星时，ＨＰ超过50%时，变为流星的样子，期间不会陷入异常状态和瞌睡。如果已经受到异常状态效果，则不会回复。
當ＨＰ變為50％或以下时，回合结束后变为核心，降低防御与特防种族值，提高攻击、特攻与速度种族值，可以陷入异常状态。",no,no,no,no,yes,no,
227,精神制造者,Psychic Surge,サイコメイカー,出场时，会布下精神场地。,超能力,,7,,"主頁面：精神場地（状态）透過在腳下張開精神場地，布下精神场地，持续5回合。讓在地面上的寶可夢所持的超能力屬性招式的威力提升，且不會受到對手先制招式的攻擊以及优先度+1以上变化招式之影響。
携带了道具大地膜的情况下，精神场地会持续8回合。",,,,,yes,,
213,绝对睡眠,Comatose,ぜったいねむり,总是半梦半醒的状态，绝对不会醒来。可以就这么睡着进行攻击。,睡眠,no,7,,"持有此特性的宝可梦不会陷入任何异常状态。
持有此特性的宝可梦在进行各类效果的处理时，视同它已处于睡眠状态。这代表：
无法成功使出睡觉。
可以成功使出打鼾和梦话等在睡着时才能使出的招式。但无法触发硬撑的伤害翻倍效果。
可以被食梦造成伤害。
场上有特性为梦魇的宝可梦的话，此宝可梦每回合都要损失ＨＰ。
受到唤醒巴掌的攻击会受到翻倍的伤害，不过并不会解除任何状态。解眠药等能解除睡眠的道具对绝对睡眠无效。",no,no,no,no,yes,yes,
211,群聚变形,Power Construct,スワームチェンジ,ＨＰ变为一半时，细胞们会赶来支援，变为完全体形态。,龍,,7,基格尔德在对战外不会自动转变形态，使用基格尔德多面体才能让它从５０％形態和１０％形態之间變換以及改變特性（第八世代起）。特性胶囊对基格尔德无效。,"持有该特性的基格爾德・１０％形態和基格爾德・５０％形態，在回合结束时，如果ＨＰ为最大ＨＰ的50%或更少，就會變成基格爾德・完全體形態。
该特性發动前会出现提示：感到了强大气息的存在！
如果基格尔德在回合结束前ＨＰ重新回到了50%以上，则不能变身。
ＨＰ直接降低至0时群聚变形不会发动。
由于“基格尔德・完全体形态”拥有更高的ＨＰ种族值，改变形态后ＨＰ和ＨＰ最大值会同时增加，保持损失的ＨＰ与改变形态前一致。
对战结束后变回原本形态时，ＨＰ最大值降低，ＨＰ高于最大值时会降低至最大值，低于最大值时不会降低。",no,no,no,no,no,no,
233,脑核之力,Neuroforce,ブレインフォース,效果绝佳的攻击，威力会变得更强。,超能力,,7,,使用的效果绝佳招式的威力提升25%。,,,,,,,
212,腐蚀,Corrosion,ふしょく,可以使钢属性和毒属性的宝可梦也陷入中毒状态。,毒,,7,,"拥有该特性的宝可梦使用的招式可以令毒屬性和钢屬性的寶可夢中毒。
例如该特性的宝可梦对钢属性宝可梦使用变化招式剧毒，会让后者陷入剧毒状态。
毒属性攻击招式依然对钢屬性宝可梦完全无效。
例如该特性的宝可梦对钢属性宝可梦使用攻击招式污泥波，不仅没有任何伤害，且10%中毒的追加效果不会触发。但会对毒属性宝可梦触发中毒的追加效果。
拥有该特性的宝可梦所布下的毒菱不会让毒屬性和钢屬性的宝可梦中毒。
拥有该特性的宝可梦自身会受到剧毒宝珠的影响。投掷剧毒宝珠或毒针也会让对手中毒。
拥有该特性的宝可梦自身不会因为对手的反射类招式或同步特性而中毒。
拥有该特性的宝可梦不会让拥有免疫特性的对手中毒。",,,,,,,
216,舞者,Dancer,おどりこ,有谁使出跳舞招式时，自己也能就这么接着使出跳舞招式。,飞行,,7,,"如果場上有寶可夢成功使出跳舞招式，其他所有具有舞者特性的宝可梦根据其速度顺序，依次使出相同招式。
如果该特性的宝可梦携带了突击背心，仍然能触发舞者特性，使用变化招式。
如果该特性的宝可梦携带了讲究头带、讲究眼镜、讲究围巾等道具，且自身已使用过招式，则虽仍能触发舞者特性，但招式会使用失败，除非其他宝可梦使出的跳舞招式与自身曾使用的招式一致。
如果该特性的宝可梦携带了讲究头带、讲究眼镜、讲究围巾等道具，但自身未使用过招式，则在触发舞者特性并使出招式后，当前回合再通过舞者使用的招式与自身使用的招式会失败，除非该招式与首次触发舞者特性时的招式一致。次回合，宝可梦可重新选择要使用的招式。
如果跳舞招式没有使用成功，例如属性相性无效、攻击目标处于守住状态；舞者特性不会触发。
使用破坏光线等招式后，因反作用力自身处于无法动弹的状态下，舞者特性可以触发。
使用蓄力的招式时，自身处于蓄力状态下也可以触发该特性。
自身处于飞翔、潜水等暂时不在场上的状态时不会触发该特性。
如果其他宝可梦使用跳舞招式的Ｚ招式，该特性的宝可梦能触发除Ｚ力量效果以外的效果。通过舞者特性使出的招式不会被再次使出。
通过舞者特性所使出的多回合攻击类招式只会进行一回合攻击。
如果己方其他宝可梦使用作用范围为单体选择的跳舞招式，如果是对对方宝可梦使用，那么舞者特性的宝可梦会对同一个目标使用。
通过舞者使用的招式可以被抢夺夺走，通过魔法镜和魔法反射反弹。
被魔法镜或魔法反射反弹的跳舞招式，无论是反弹前还是反弹后都不会触发该特性。太晶团体战中舞者特性会完全无效。",,,,,,,
217,蓄电池,Battery,バッテリー,会提高我方的特殊招式的威力。,电,no,7,,该特性的宝可梦在场时，场上全部同伴宝可梦的特殊招式威力提升为原本的1.3倍。,,,,,,,
228,薄雾制造者,Misty Surge,ミストメイカー,出场时，会布下薄雾场地。,妖精,,7,,"主頁面：薄霧場地（状态）在腳下張開薄霧場地，持续5回合。讓在地面上的寶可夢因龍屬性招式所受到的傷害減半，且變得不會陷入异常状态及混亂的狀態。
携带了道具大地膜的情况下，薄霧場地会持续8回合。
如果我方场上存在毒菱，则拥有此特性的宝可梦会先踩到毒菱，然后发动此特性。这会导致此宝可梦中毒，然后才会布下薄雾场地。",,,,,yes,,
193,躍躍欲逃,Wimp Out,にげごし,ＨＰ变为一半时，会慌慌张张逃走，退回同行队伍中。,蟲,,7,,"与野生宝可梦对战中，该特性的宝可梦从高于1⁄2ＨＰ變為低于1⁄2时便會使自身退场，与训练家对战时则進行替換。
如果该特性的宝可梦ＨＰ已经低于1⁄2，即使受到伤害也不会触发特性，除非宝可梦的ＨＰ回复到1⁄2以上，并再次受到伤害变为低于1⁄2。
若该特性的宝可梦携带了能回复ＨＰ的树果，受到伤害后会先食用树果回复ＨＰ，再判定特性是否触发。若该特性的宝可梦携带了贝壳之铃，对于特性是否发动的判定在回复ＨＰ的效果之前，因此如果在使出招式后自己的ＨＰ变为了1⁄2或以下，随后又因为贝壳之铃的效果回复ＨＰ至1⁄2以上，依然可以触发特性，此时就会以ＨＰ大于1⁄2的状态退场。以下使ＨＰ變為低于1⁄2的情况，不会触发特性：
该特性的宝可梦因混乱而攻击自己；
对方宝可梦特性为强行，且使用带有追加效果的招式。
对方宝可梦使用连续招式，在连续攻击完成后才会触发特性。
与训练家对战时，除这只该特性的宝可梦外，队伍内宝可梦全部进入濒死状态。对该特性的宝可梦使用伏特替换、急速折返或快速折返，因而触发该宝可梦特性时，这类招式不会发动替换效果。
使用追打的同一回合，若该特性的宝可梦因触发特性而替换，则追打不会发动特殊效果。
踩影無法防止該特性效果",,,,,,,
198,監視,Stakeout,はりこみ,可以对替换出场的对手以２倍的伤害进行攻击。,一般,,7,,该特性的宝可梦使用的招式对本回合替换上场的宝可梦造成的伤害×2。,,,,,,,
203,远隔,Long Reach,えんかく,可以不接触对手就使出所有的招式。,幽灵,,7,,拥有远隔特性的宝可梦使用接触类招式时，不会触发攻击目标任何与接触类招式有关的效果。,,,,,,,
195,遇水凝固,Water Compaction,みずがため,受到水属性的招式攻击时，防御会大幅提高。,地面,,7,,"受到水屬性的招式攻擊時，防禦會提升2個等級。
若对方以遇水凝固的宝可梦为目标使用水属性连续招式，则每一击都会触发效果。",,,,,,,
230,金屬防護,Full Metal Body,メタルプロテクト,不会因为对手的招式或特性而被降低能力。,鋼,no,7,,"在通常情况下，能力不会被对方及同伴的招式和特性降低（例如招式鬼面、特性威吓等）。
金属防护特性不能阻止以下能力的降低方式：
自身使用降低自身能力的招式：蛮力、臂锤等；
自身携带降低能力的道具：黑色铁球等；
降低能力的异常状态：麻痹、灼伤；
与对方平分能力的招式：防守平分、力量平分；
与对方交换能力的招式：心灵互换、防守互换、力量互换；
与同行宝可梦传递能力的招式：接棒；
改变能力的招式：颠倒；",,,,,,,
200,钢能力者,Steelworker,はがねつかい,钢属性的招式威力会提高。,钢,,7,,拥有钢能力者特性的宝可梦使用钢屬性招式的威力会提高50%。,,,,,,,
229,青草制造者,Grassy Surge,グラスメイカー,出场时，会布下青草场地。,草,,7,,"主頁面：青草场地（状态）透過在腳下張開青草场地，布下青草场地，持续5回合。讓在地面上的寶可夢所持的草屬性招式的威力提升，且在每一回合ＨＰ會逐漸回復。此外，因地震、震級或重踏的招式造成的傷害將會減半。
携带了道具大地膜的情况下，青草场地会持续8回合。",,,,,yes,,
215,飞出的内在物,Innards Out,とびだすなかみ,被对手打倒的时候，会给予对手相当于ＨＰ剩余量的伤害。,水,,7,,"拥有此特性的宝可梦在被击倒时，给对手带来与自身被最后一击之前同等ＨＰ的伤害。
如果具有该特性的宝可梦并非直接被击倒，那么不会给对手带来伤害。
如果具有该特性的宝可梦被预知未来或破灭之愿击倒，而且此时招式的使用者不在场上，那么不会给另外的对手带来伤害。
如果具有该特性的宝可梦被种子机关枪或飞水手里剑等连续攻击招击倒，那么将会带来从第一击到击倒前的所有伤害。
如果对手可以被具有该特性的宝可梦以此特性击倒，即使对手有气势披带，也无法保留1ＨＰ。
如果双方只有一只宝可梦的情况，拥有该特性的宝可梦被击倒但因为飞出的内在物造成对方同时倒下，拥有该特性的宝可梦一方算失败。",,,,,,,
220,魂心,Soul-Heart,ソウルハート,宝可梦每次变为濒死状态时，特攻会提高。,鋼,,7,,每當場上有寶可夢被打倒時，特攻提高1個等級。,,,,,,,
208,魚群,Schooling,ぎょぐん,ＨＰ多的时候会聚起来变强。ＨＰ剩余量变少时，群体会分崩离析。,水,,7,,"弱丁鱼达到２０或以上的等级时，在对战中出场时，若ＨＰ高于２５%便能从单独的样子变为鱼群的样子。
在鱼群的样子的形态下，回合结束时，若ＨＰ低于２５%则变回单独的样子。在单独的样子的形态下，回合结束时，若ＨＰ高于２５%则变回鱼群的样子。",no,no,no,no,yes,no,
219,鲜艳之躯,Dazzling,ビビッドボディ,让对手吓一跳，使其无法对我方使出先制招式。,超能力,yes,7,,让对方使出会影响己方的先制招式失败，包含受到恶作剧之心、先行治疗或疾风之翼影响使优先度大于 0 的招式。,,,,,no,,
225,ＡＲ系统,RKS System,ＡＲシステム,根据持有的存储碟，自己的属性会改变。,一般,,7,,攜帶對應各屬性的存储碟，藉此改變屬性。,no,no,no,no,no,no,
241,一口导弹,Gulp Missile,うのミサイル,冲浪或潜水时会叼来猎物。受到伤害时，会吐出猎物进行攻击。,水,,8,,"当使出冲浪或潜水时，会从水中叼来猎物。
如果在这个状态下受到攻击，会将嘴里的猎物吐出，使对手ＨＰ减少1⁄4。
當ＨＰ多於一半時，會叼来刺梭鱼，反击後，令目标的防禦降低1级。
當ＨＰ少於或等于一半時，會叼来皮卡丘，反击後，使目标陷入麻痹状态。
當處於一口導彈狀態時瀕死，會先觸發反擊，然後陷入瀕死狀態。
极巨化后会变为不叼着猎物的形态，且即使在极巨化后使用冲浪或潜水（只有极巨团体战中的野生古月鸟可以做到），也不会叼来猎物。
一口导弹的伤害和附加效果能穿过替身。",no,no,no,no,no,no,
255,一猩一意,Gorilla Tactics,ごりむちゅう,虽然攻击会提高，但是只能使出一开始所选的招式。,冰,,8,,"拥有该特性的寶可夢攻击会提高50%，但只能使用一开始使用的招式。
该特性对极巨招式无效。",,,,,,,
235,不屈之盾,Dauntless Shield,ふくつのたて,首次出场时，防御会提高。,格斗,,8,,首次上場時，自己的防禦上升一級。,,,,,yes,,
234,不挠之剑,Intrepid Sword,ふとうのけん,首次出场时，攻击会提高。,妖精,,8,,首次上場時，自己的攻擊上升一級。,,,,,yes,,
246,冰鳞粉,Ice Scales,こおりのりんぷん,由于有冰鳞粉的守护，受到的特殊攻击伤害会减半。,冰,yes,8,,"该特性的宝可梦受到特殊招式的伤害減半。
即使招式使用目标的防御代替目标的特防进行伤害计算（例如精神衝擊和精神擊破），该特性依然减半伤害。
该特性无法减半固定伤害类招式的伤害。",,,,,,,
256,化学变化气体,Neutralizing Gas,かがくへんかガス,特性为化学变化气体的宝可梦在场时，场上所有宝可梦的特性效果都会消失或者无法生效。,毒,,8,,"此特性能讓周围宝可梦变为无特性状态。
该特性在上场时发动，且必定先于其他特性（包括紧张感在内）。
该特性无法消除的特性：
绝对睡眠；
人马一体；
其他宝可梦的化学变化气体；
但使用胃液或核心惩罚者可以令此特性陷入无特性状态；
部分与形态变化有关的特性，包括画皮、结冻头、战斗切换、鱼群、多属性、ＡＲ系统、达摩模式、一口导弹以及群聚变形；
其他与形态变化有关的特性如饱了又饿、花之礼、阴晴不定、变身者、幻觉可以被化学变化气体消除。该特性的寶可夢一旦被击倒或替换，其他寶可夢的特性就會生效，在此情况下：
部分入场时发动的特性（如威吓、不挠之剑、破格等）会在同位置的新宝可梦上场前按照速度顺序发动一次，无论之前是否发动过；
满足一定条件才发动的特性（如贪吃鬼等）需要再次触发条件才能发动（如贪吃鬼需要ＨＰ在一半以下变化一次）；
拥有自信过度、苍白嘶鸣、漆黑嘶鸣和异兽提升等特性的宝可梦在击倒特性为化学变化气体的宝可梦后可以提升能力。",no,no,,,yes,,
245,吐沙,Sand Spit,すなはき,受到攻击时，会刮起沙暴。,地面,,8,,"當該寶可夢受到攻擊時，天氣轉為沙暴并持续5回合。即使在受到攻击后濒死，效果也会触发。
在携带了道具沙沙岩石的情况下，沙暴会持续8回合。",,,,,,,
242,坚毅,Stalwart,すじがねいり,能无视具有吸引对手招式效果的特性或招式的影响。,钢,,8,,"攻击原本选定的目标，无视交换场地、场上万众瞩目状态、引水、避雷针、对手宝可梦的交换。
只有目标不在场上时，才攻击同位置宝可梦。
坚毅特性的宝可梦使用梦话、挥指会失败。
目前類似特性擁有一個遊戲漏洞，請見遊戲漏洞。",,,,,,,
244,庞克摇滚,Punk Rock,パンクロック,声音招式的威力会提高。受到的声音招式伤害会减半。,电,yes,8,,"拥有此特性的宝可梦使出的声音的招式的威力会提高至1.3倍；
同时受到的声音的招式伤害会减半。",,,,,,,
261,怪药,Curious Medicine,きみょうなくすり,出场时会从贝壳撒药，将我方的能力变化复原。,毒,,8,,當擁有這個特性的寶可夢上場戰鬥時，能產生將我方寶可夢能力變化復原的效果。,,,,,yes,,
250,擬態,Mimicry,ぎたい,宝可梦的属性会根据场地的状态而变化。,電,,8,,"拥有此特性的宝可梦，自身的属性将取决于当前的场地型状态而改变。
对战场地处于电气场地状态时，会变为电屬性。
对战场地处于青草场地状态时，会变为草屬性。
对战场地处于薄雾场地状态时，会变为妖精屬性。
对战场地处于精神场地状态时，会变为超能力屬性。",,,,,yes,,
237,捡球,Ball Fetch,たまひろい,没有携带道具时，会拾取第１个投出后捕捉失败的精灵球。,电,,8,,"在该特性的宝可梦沒有攜帶道具的情況下，只要投出任何種類的第１個精靈球並且收服失敗後，该特性的宝可梦会捡回此精靈球。
一次對戰只會發動一次(包含野生寶可夢)，捕抓失敗時會由速度快的先發動特性，速度慢的便不會再發動。",,,,,,,
260,无形拳,Unseen Fist,ふかしのこぶし,如果使出的是接触到对手的招式，就可以无视守护效果进行攻击。,格鬥,,8,,"使用接触类招式时，能无视对方除极巨防壁外守住类状态的效果，正常造成伤害。
包括王者盾牌、尖刺防守、碉堡、拦堵等招式的特殊效果。
不会解除守住类状态。这与佯攻、潜灵奇袭等招式不同。",,,,,,,
238,棉絮,Cotton Down,わたげ,受到攻击后撒下棉絮，降低除自己以外的所有宝可梦的速度。,草,,8,,"该特性的宝可梦受到攻击时，令除该特性以外的宝可梦速度降低1级。
连续招式的每一击都会触发此特性。",,,,,,,
254,游魂,Wandering Spirit,さまようたましい,与使用接触类招式攻击自己的宝可梦互换特性。,幽灵,,8,,"受到接触类招式攻击时，互换双方的特性。变为游魂后，与无特性状态相似。在极巨化的情况下，游魂不会发动。
如果连续攻击特性的宝可梦使用连续招式攻击游魂特性的宝可梦，该宝可梦的特性在第一次攻击之后就会变为游魂，但仍然会继续攻击最大次数。
如果拥有坚硬脑袋特性的宝可梦使用了反作用力伤害的招式，则仍然要受到反作用力伤害。
如果拥有亲子爱特性的宝可梦使用接触类招式攻击游魂特性的宝可梦，该宝可梦的特性在第一次攻击之后就会变为游魂，但仍然会继续攻击第二次，并且第二击的威力仍然是第一击的1⁄4。
如果攻击方特性为无法被交换的特性，如神奇守护、多属性、达摩模式、牵绊变身、战斗切换、鱼群、画皮、绝对睡眠、群聚变形、界限盾壳、ＡＲ系统等，则游魂特性不发动。",,,,,,,
265,漆黑嘶鸣,Grim Neigh,くろのいななき,打倒对手时会用恐怖的声音嘶鸣并提高特攻。,幽靈,,8,,该特性的宝可梦打败任意一方的一只宝可梦后，自身特攻提升1级。,,,,,,,
253,滅亡之軀,Perish Body,ほろびのボディ,受到接触类招式攻击时，双方都会在３回合后变为濒死状态。替换后效果消失。,幽靈,,8,,该特性的宝可梦受到接觸類招式攻擊時，会令双方陷入灭亡之歌状态。3回合后，处于灭亡之歌状态的宝可梦会陷入濒死状态。替换后效果消失。,,,,,,,
247,熟成,Ripen,じゅくせい,使树果成熟，效果变为２倍。,草,,8,,该特性的宝可梦使树果效果变为２倍，包括回复ＨＰ（如文柚果）、恢复ＰＰ（如苹野果）、减半１种属性招式的伤害（如烛木果）、提升能力变化（如星桃果）、对手损伤最大ＨＰ的树果（如嘉珍果）。,,,,,,,
262,电晶体,Transistor,トランジスタ,电属性的招式威力会提高。,电,,8,,拥有此特性的宝可梦使出的电屬性招式威力会提高50%。,,,,,,,
257,粉彩护幕,Pastel Veil,パステルベール,自己和同伴都不会陷入中毒的异常状态。,超能力,yes,8,,拥有此特性的宝可梦不仅能使自己及同伴免疫中毒状态，在对战中出场时，还能回复我方的中毒状态。,,,,,yes,,
248,结冻头,Ice Face,アイスフェイス,头部的冰会代替自己承受物理攻击，但是样子会改变。下雪时，冰会恢复原状。,冰,yes,8,,"该特性可以为冰砌鹅完全抵御一次物理招式的伤害（包括混乱对自身造成的伤害），并使冰砌鹅转变为解冻头形態，同时冰砌鹅的种族值也会发生变化。天气从其他天气变成冰雹或下雪时，会恢复为结冻头形态。
战斗结束时冰砌鹅会恢复为结冻头形态，但替换不会令已解冻的结冻头复原。如果在解冻时天气已经为冰雹或下雪，则结冻头也不会复原。
替身受到物理攻击不会令结冻头解冻。",no,no,no,no,no,no,
249,能量點,Power Spot,パワースポット,只要处在相邻位置，招式的威力就会提高。,岩石,no,8,,拥有此特性的宝可梦一方，除拥有该特性的宝可梦以外的宝可梦招式威力提高30%。,,,,,,,
236,自由者,Libero,リベロ,变为与自己使出的招式相同的属性。每次出场战斗仅生效一次。,火,,8,,"自身的属性在使用招式之前变为所使用的招式的属性。转换属性的效果持续直到拥有该特性的宝可梦离开场地为止。对于两种属性的宝可梦，触发自由者时变为只有一种属性。
掙扎不會觸發自由者特性。
该特性的宝可梦使用招式后，属性一致加成会根据改变后的属性提升招式威力。
当招式使用失败时，不会触发自由者；但是招式没有命中或被守住时，仍会触发自由者。
太晶化的宝可梦使用招式时不会触发自由者。",,,,,,,
264,苍白嘶鸣,Chilling Neigh,しろのいななき,打倒对手时会用冰冷的声音嘶鸣并提高攻击。,冰,,8,,该特性的宝可梦打败任意一方的一只宝可梦后，自身攻击提升1级。,,,,,,,
243,蒸汽機,Steam Engine,じょうききかん,受到水属性或火属性的招式攻击时，速度会巨幅提高。,岩石,,8,"当该特性的宝可梦在队伍时，队伍中蛋孵化的速度提高为原来的2倍。
此效果不会与自身、火焰之躯或熔岩铠甲叠加。","對戰中受到對手的水屬性或火屬性招式攻擊時，自身速度提升6级。
该特性的宝可梦受到水属性或火属性连续招式时，每一次攻击都能触发该特性。",,,,,,,
239,螺旋尾鰭,Propeller Tail,スクリューおびれ,能无视具有吸引对手招式效果的特性或招式的影响。,水,,8,,"攻击原本选定的目标，无视交换场地、场上万众瞩目状态、引水、避雷针、对手宝可梦的交换。
只有目标不在场上时，才攻击同位置宝可梦。
螺旋尾鳍特性的宝可梦使用梦话、挥指会失败。
目前類似特性擁有一個遊戲漏洞，請見遊戲漏洞。",,,,,,,
259,速击,Quick Draw,クイックドロウ,有时能比对手先一步行动。,毒,,8,,,,,,,,,
252,鋼之意志,Steely Spirit,はがねのせいしん,我方的钢属性攻击威力会提高。,鋼,no,8,,"拥有该特性的宝可梦在场时，自身和场上全部同伴宝可梦使用钢屬性招式威力×1.5。
一方场上存在多只该特性的宝可梦时，效果累积。",,,,,,,
240,镜甲,Mirror Armor,ミラーアーマー,只反弹自己受到的能力降低效果。,钢,yes,8,,"该特性的宝可梦受到对方的能力下降的招式或特性时，能将这些效果反弹到使用该招式或触发该特性的宝可梦。包括黏黏网的效果。
例如：风速狗触发了威吓，使钢铠鸦的攻击下降1级。此时镜甲效果的反弹目标仅是风速狗，不会触发威吓的所有目标降低攻击效果。",,,,,,,
251,除障,Screen Cleaner,バリアフリー,出场时，敌方和我方的光墙、反射壁和极光幕的效果会消失。,冰,,8,,当该特性的宝可梦出场时，解除双方场地的光墙、反射壁和极光幕状态。,,,,,yes,,
258,飽了又餓,Hunger Switch,はらぺこスイッチ,每回合结束时会在满腹花纹与空腹花纹之间交替改变样子。,电,,8,,"该特性的宝可梦每一回合都會改變自身的樣子，氣場輪會根據不同形態變為不同的屬性。
在滿腹花紋時是电屬性的招式，在空腹花紋時則會變成恶屬性的招式。",no,no,,,,no,
263,龙颚,Dragon’s Maw,りゅうのあぎと,龙属性的招式威力会提高。,龙,,8,,拥有此特性的宝可梦使出的龙屬性招式威力会提高50%。,,,,,,,
