n,name,jname,enname,type,damagecategory,basepp,power,accuracy,gen,game,lple,swsh,bdsp,max,maxpower,la,zpower,maxpp,powernote,priority,gameimage2,gameimage,zname2,zcrystal2,zpower2,zname3,zcrystal3,zpower3,hkold,maxpower2,hk,old,zeffect2,desc,uv,gameimagewidth,gameimage2width,oras,z,mirrormove,zcrystal,zname,usum,lp,le,maxapp,gmax,swshe
1,拍击,はたく,Pound,一般,物理,35,40,100,1,{{招式信息框/game,y,y,y,,,,,,,,,,,,,,,,,,,,,,,,,,,,,,,,,,,
2,空手劈,からてチョップ,Karate Chop,格斗,物理,25,50,100,1,{{招式信息框/game,y,,,no,,,,,,,,,,,,,,,,,,,,,,,,,,,,,,,,,,
3,连环巴掌,おうふくビンタ,Double Slap,一般,物理,10,15,85,1,{{招式信息框/game,y,,,no,,,,,,,,,,,,,,,,,,,,,,,,,,,,,,,,,,
4,连续拳,れんぞくパンチ,Comet Punch,一般,物理,15,18,85,1,{{招式信息框/game,y,,,no,100,,,,,,,,,,,,,,,,,,,,,,,,,,,,,,,,,
5,百万吨重拳,メガトンパンチ,Mega Punch,一般,物理,20,80,85,1,{{招式信息框/game,y,y,y,,,,,,,,,,,,,,,,,,,,,,,,,,,,,,,,,,,
6,聚宝功,ネコにこばん,Pay Day,一般,物理,20,40,100,1,{{招式信息框/game,y,y,y,,,,,,,,,,,,,,,,,,,,,,,,,,,,,,,,,,,
7,火焰拳,ほのおのパンチ,Fire Punch,火,物理,15,75,100,1,{{招式信息框/game,y,y,y,,,y,,,,,,,,,,,,,,,,,,,,,,,,,,,,,,,,
8,冰冻拳,れいとうパンチ,Ice Punch,冰,物理,15,75,100,1,{{招式信息框/game,y,y,y,,,y,,,,,,,,,,,,,,,,,,,,,,,,,,,,,,,,
9,雷电拳,かみなりパンチ,Thunder Punch,电,物理,15,75,100,1,{{招式信息框/game,y,y,y,,,y,,,,,,,,,,,,,,,,,,,,,,,,,,,,,,,,
10,抓,ひっかく,Scratch,一般,物理,35,40,100,1,{{招式信息框/game,y,y,y,,,,,,,,,,,,,,,,,,,,,,,,,,,,,,,,,,,
11,夹住,はさむ,Vise Grip,一般,物理,30,55,100,1,{{招式信息框/game,y,y,y,,,,,,,,,,,,,,,,,,,,,,,,,,,,,,,,,,,
12,断头钳,ハサミギロチン,Guillotine,一般,物理,5,变化,30,1,{{招式信息框/game,y,y,y,,130,,180,,,,,,,,,,,,,,,,,,,,,,,,,,,,,,,
13,旋风刀,かまいたち,Razor Wind,一般,特殊,10,80,,1,{{招式信息框/game,y,,,no,,,,,,,,,,,,,,,,,,,,,,,,,,,,,,,,,,
14,剑舞,つるぎのまい,Swords Dance,一般,变化,,—,—,1,{{招式信息框/game,y,y,y,,,y,,,,,,,,,,,,,,,,,,,,,,,,,,,,,,,,
15,居合斩,いあいぎり,Cut,一般,物理,30,50,95,1,{{招式信息框/game,y,y,y,,,,,,,,,,,,,,,,,,,,,,,,,,,,,,,,,,,
16,起风,かぜおこし,Gust,飞行,特殊,35,40,100,1,{{招式信息框/game,y,y,y,,,y,,,,,,,,,,,,,,,,,,,,,,,,,,,,,,,,
17,翅膀攻击,つばさでうつ,Wing Attack,飞行,物理,35,60,100,1,{{招式信息框/game,y,y,y,,110,,120,,35在第一世代,,,,,,,,,,,,,,,,,,,,,,,,,,,,,
18,吹飞,ふきとばし,Whirlwind,一般,变化,20,—,,1,{{招式信息框/game,y,y,y,,,,,,,,,,,,,,,,,,,,,,,,,,,,,,,,,,,
19,飞翔,そらをとぶ,Fly,飞行,物理,15,90,95,1,{{招式信息框/game,y,y,y,,130,,175,,70在第一到第三世代,,飞翔 V 对战外.png,,,,,,,,,,,,,,,,,,,,,,,,,,,
20,绑紧,しめつける,Bind,一般,物理,20,15,,1,{{招式信息框/game,y,y,y,,,,,,,,,,,,,,,,,,,,,,,,,,,,,,,,,,,
21,摔打,たたきつける,Slam,一般,物理,20,80,75,1,{{招式信息框/game,y,y,y,,,,,,,,,,,,,,,,,,,,,,,,,,,,,,,,,,,
22,藤鞭,つるのムチ,Vine Whip,草,物理,,45,100,1,{{招式信息框/game,y,y,y,,100,,100,,35在第一到第五世代,,,,,,,,,,,,,,,,,,,,,,,,,,,,,
23,踩踏,ふみつけ,Stomp,一般,物理,20,65,100,1,{{招式信息框/game,y,y,y,,,,,,,,,,,,,,,,,,,,,,,,,,,,,,,,,,,
24,二连踢,にどげり,Double Kick,格斗,物理,30,30,100,1,{{招式信息框/game,y,y,y,,80,,,,,,,,,,,,,,,,,,,,,,,,,,,,,,,,,
25,百万吨重踢,メガトンキック,Mega Kick,一般,物理,5,120,75,1,{{招式信息框/game,y,y,y,,,,,,,,,,,,,,,,,,,,,,,,,,,,,,,,,,,
26,飞踢,とびげり,Jump Kick,格斗,物理,,100,95,1,{{招式信息框/game,y,,,no,90,,180,,70在第一到第三世代；85在第四世代,,,,,,,,,,,,,,,,,,,,,,,,,,,,,
27,回旋踢,まわしげり,Rolling Kick,格斗,物理,15,60,85,1,{{招式信息框/game,y,,,no,,,,,,,,,,,,,,,,,,,,,,,,,,,,,,,,,,
28,潑沙,すなかけ,Sand Attack,地面,变化,15,—,100,1,{{招式信息框/game,y,y,y,,,,,,,,,,,,,,,,,,,,,,,,,,,,,,,,,,,
29,头锤,ずつき,Headbutt,一般,物理,15,70,100,1,{{招式信息框/game,y,y,y,,,,,,,,,,,,,,,,,,,,,,,,,,,,,,,,,,,
30,角撞,つのでつく,Horn Attack,一般,物理,25,65,100,1,{{招式信息框/game,y,y,y,,,,,,,,,,,,,,,,,,,,,,,,,,,,,,,,,,,
31,乱击,みだれづき,Fury Attack,一般,物理,20,15,85,1,{{招式信息框/game,y,y,y,,,,,,,,,,,,,,,,,,,,,,,,,,,,,,,,,,,
32,角钻,つのドリル,Horn Drill,一般,物理,5,变化,30,1,{{招式信息框/game,y,y,y,,130,,180,,,,,,,,,,,,,,,,,,,,,,,,,,,,,,,
33,撞击,たいあたり,Tackle,一般,物理,35,40,,1,{{招式信息框/game,y,y,y,,90,y,100,,35在第一到第四世代；50在第五到第六世代,,,,,,,,,,,,,,,,,,,,,,,,,,,,,
34,泰山压顶,のしかかり,Body Slam,一般,物理,15,85,100,1,{{招式信息框/game,y,y,y,,,,,,,,,,,,,,,,,,,,,,,,,,,,,,,,,,,
35,紧束,まきつく,Wrap,一般,物理,20,15,,1,{{招式信息框/game,y,y,y,,,,,,,,,,,,,,,,,,,,,,,,,,,,,,,,,,,
36,猛撞,とっしん,Take Down,一般,物理,20,90,85,1,{{招式信息框/game,y,y,y,,,,,,,,,,,,,,,,,,,,,,,,,,,,,,,,,,,
37,大闹一番,あばれる,Thrash,一般,物理,,120,100,1,{{招式信息框/game,y,y,y,,140,,190,,90在第一到第四世代,,,,,,,,,,,,,,,,,,,,,,,,,,,,,
38,舍身冲撞,すてみタックル,Double-Edge,一般,物理,15,100,,,,,,,,,,,,120在第二世代到{{game3,,,,,,,,,,,,,,,,,,,,,,,,,,,,,
39,摇尾巴,しっぽをふる,Tail Whip,一般,变化,30,—,100,1,{{招式信息框/game,y,y,y,,,,,,,,,,,,,,,,,,,,,,,,,,,,,,,,,,,
40,毒针,どくばり,Poison Sting,毒,物理,35,30,,,,,,,,,,,,15在第一到到{{game3,,,,,,,,,,,,,,,,,,,,,,,,,,,,,
41,双针,ダブルニードル,Twineedle,虫,物理,20,25,100,1,{{招式信息框/game,y,,,no,100,,,,,,,,,,,,,,,,,,,,,,,,,,,,,,,,,
42,飞弹针,ミサイルばり,Pin Missile,虫,物理,20,40,,,,,,,,,,,,14在第一到第五世代，25在第六世代到{{game3,,,,,,,,,,,,,,,,,,,,,,,,,,,,,
43,瞪眼,にらみつける,Leer,一般,变化,30,—,100,1,{{招式信息框/game,y,y,y,,,,,,,,,,,,,,,,,,,,,,,,,,,,,,,,,,,
44,咬住,かみつく,Bite,恶,物理,25,60,100,1,{{招式信息框/game,y,y,y,,,y,,,,,,,,,,,,,,,,,,,,,,,,,,,,,,,,
45,叫声,なきごえ,Growl,一般,变化,40,—,100,1,{{招式信息框/game,y,y,y,,,,,,,,,,,,,,,,,,,,,,,,,,,,,,,,,,,
46,吼叫,ほえる,Roar,一般,变化,20,—,,1,{{招式信息框/game,y,y,y,,,,,,,,,,,,,,,,,,,,,,,,,,,,,,,,,,,
47,唱歌,うたう,Sing,一般,变化,15,—,55,1,{{招式信息框/game,y,y,y,,,,,,,,,,,,,,,,,,,,,,,,,,,,,,,,,,,
48,超音波,ちょうおんぱ,Supersonic,一般,变化,20,—,55,1,{{招式信息框/game,y,y,y,,,,,,,,,,,,,,,,,,,,,,,,,,,,,,,,,,,
49,音爆,ソニックブーム,Sonic Boom,一般,特殊,20,变化,90,1,{{招式信息框/game,y,,,no,100,,,,,,,,,,,,,,,,,,,,,,,,,,,,,,,,,
50,定身法,かなしばり,Disable,一般,变化,20,—,,1,{{招式信息框/game,y,y,y,,,,,,,,,,,,,,,,,,,,,,,,,,,,,,,,,,,
51,溶解液,ようかいえき,Acid,毒,特殊,30,40,100,1,{{招式信息框/game,y,y,y,,,,,,,,,,,,,,,,,,,,,,,,,,,,,,,,,,,
52,火花,ひのこ,Ember,火,特殊,25,40,100,1,{{招式信息框/game,y,y,y,,,y,,,,,,火花（招式）.gif,,,,,,,,,,,,,,,,,,,,,,,,,,
53,喷射火焰,かえんほうしゃ,Flamethrower,火,特殊,15,80,,,,,,,,,,,,95在第一到第五世代，90在第六世代到{{game3,,,,,,,,,,,,,,,,,,,,,,,,,,,,,
54,白雾,しろいきり,Mist,冰,变化,30,—,—,1,{{招式信息框/game,y,y,y,,,,,,,,,,,,,,,,,,,,,,,,,,,,,,,,,,,
55,水枪,みずでっぽう,Water Gun,水,特殊,25,40,100,1,{{招式信息框/game,y,y,y,,,,,,,,,水槍（招式）.gif,,,,,,,,,,,,,,,,,,,,,,,,,,
56,水炮,ハイドロポンプ,Hydro Pump,水,特殊,5,100,,,,,,,,,,,,120在第一到第五世代，110在第六世代到{{game3,,,,,,,,,,,,,,,,,,,,,,,,,,,,,
57,冲浪,なみのり,Surf,水,特殊,15,90,100,1,{{招式信息框/game,y,y,y,,130,,175,,第五世代及之前为95,,,,,,,,,,,,,,,,,,,,,,,,,,,,,
58,冰冻光束,れいとうビーム,Ice Beam,冰,特殊,10,80,,,,,,,,,,,,95在第一到第五世代，90在第六世代到{{game3,,,,,,,,,,,,,,,,,,,,,,,,,,,,,
59,暴风雪,ふぶき,Blizzard,冰,特殊,5,100,,,,,,,,,,,,120在第一到第五世代，110在第六世代到{{game3,,,暴风雪 B2W2.png,,,,,,,,,,,,,,,,,,,,,,,,,,
60,幻象光线,サイケこうせん,Psybeam,超能力,特殊,20,65,100,1,{{招式信息框/game,y,y,y,,,,,,,,,,,,,,,,,,,,,,,,,,,,,,,,,,,
61,泡沫光线,バブルこうせん,Bubble Beam,水,特殊,20,65,100,1,{{招式信息框/game,y,y,y,,,,,,,,,,,,,,,,,,,,,,,,,,,,,,,,,,,
62,极光束,オーロラビーム,Aurora Beam,冰,特殊,20,65,100,1,{{招式信息框/game,y,y,y,,,,,,,,,,,,,,,,,,,,,,,,,,,,,,,,,,,
63,破坏光线,はかいこうせん,Hyper Beam,一般,特殊,5,120,,,,,,,,,,,,150在第一世代到{{game3,,,,,,,,,,,,,,,,,,,,,,,,,,,,,
64,啄,つつく,Peck,飞行,物理,35,35,100,1,{{招式信息框/game,y,y,y,,,,,,,,,,,,,,,,,,,,,,,,,,,,,,,,,,,
65,啄钻,ドリルくちばし,Drill Peck,飞行,物理,20,80,100,1,{{招式信息框/game,y,y,y,,,,,,,,,,,,,,,,,,,,,,,,,,,,,,,,,,,
66,地狱翻滚,じごくぐるま,Submission,格斗,物理,,80,80,1,{{招式信息框/game,y,y,y,,,,,,,,,,,,,,,,,,,,,,,,,,,,,,,,,,,
67,踢倒,けたぐり,Low Kick,格斗,物理,20,,,1,{{招式信息框/game,y,y,y,,100,,160,,,,,,,,,,,,,,,,,,,,,,,,,,,,,,,
68,雙倍奉還,カウンター,Counter,格斗,物理,20,变化,100,1,{{招式信息框/game,y,y,y,,,,,,,-5,,,,,,,,,,,,,,,,,,,,,,,,,,,,
69,地球上投,ちきゅうなげ,Seismic Toss,格斗,物理,20,变化,100,1,{{招式信息框/game,y,y,y,,,,,,,,,,,,,,,,,,,,,,,,,,,,,,,,,,,
70,怪力,かいりき,Strength,一般,物理,15,80,100,1,{{招式信息框/game,y,y,y,,,,,,,,,,,,,,,,,,,,,,,,,,,,,,,,,,,
71,吸取,すいとる,Absorb,草,特殊,,20,100,1,{{招式信息框/game,y,y,y,,90,y,100,,中为40,,,,,,,,,,,,,,,,,,,,,,,,,,,,,
72,超级吸取,メガドレイン,Mega Drain,草,特殊,,40,100,1,{{招式信息框/game,y,y,y,,90,,120,,中为75,,,,,,,,,,,,,,,,,,,,,,,,,,,,,
73,寄生种子,やどりぎのタネ,Leech Seed,草,变化,10,—,90,1,{{招式信息框/game,y,y,y,,,,,,,,,,,,,,,,,,,,,,,,,,,,,,,,,,,
74,生长,せいちょう,Growth,一般,变化,,—,—,1,{{招式信息框/game,y,y,y,,,,,,,,,,,,,,,,,,,,,,,,,,,,,,,,,,,
75,飞叶快刀,はっぱカッター,Razor Leaf,草,物理,25,55,95,1,{{招式信息框/game,y,y,y,,,,,,,,,,,,,,,,,,,,,,,,,,,,,,,,,,,
76,日光束,ソーラービーム,Solar Beam,草,特殊,10,120,100,1,{{招式信息框/game,y,y,y,,140,,190,,中为200,,,,,,,,,,,,,,,,,,,,,,,,,,,,,
77,毒粉,どくのこな,Poison Powder,毒,变化,35,—,75,1,{{招式信息框/game,y,y,y,,,y,,,,,,,,,,,,,,,,,,,,,,,,,,,,,,,,
78,麻痹粉,しびれごな,Stun Spore,草,变化,30,—,75,1,{{招式信息框/game,y,y,y,,,y,,,,,,,,,,,,,,,,,,,,,,,,,,,,,,,,
79,催眠粉,ねむりごな,Sleep Powder,草,变化,15,—,75,1,{{招式信息框/game,y,y,y,,,y,,,,,,,,,,,,,,,,,,,,,,,,,,,,,,,,
80,花瓣舞,はなびらのまい,Petal Dance,草,特殊,,120,100,1,{{招式信息框/game,y,y,y,,140,y,190,,70在第一到第三世代；90在第四世代,,,,,,,,,,,,,,,,,,,,,,,,,,,,,
81,吐丝,いとをはく,String Shot,虫,变化,40,—,95,1,{{招式信息框/game,y,y,y,,,,,,,,,,,,,,,,,,,,,,,,,,,,,,,,,,,
82,龙之怒,りゅうのいかり,Dragon Rage,龙,特殊,10,变化,100,1,{{招式信息框/game,y,,,no,,,,,,,,,,,,,,,,,,,,,,,,,,,,,,,,,,
83,火焰旋涡,ほのおのうず,Fire Spin,火,特殊,15,35,,1,{{招式信息框/game,y,y,y,,90,,100,,15在第一到第四世代,,,,,,,,,,,,,,,,,,,,,,,,,,,,,
84,电击,でんきショック,Thunder Shock,电,特殊,30,40,100,1,{{招式信息框/game,y,y,y,,,y,,,,,,,,,,,,,,,,,,,,,,,,,,,,,,,,
85,十万伏特,１０まんボルト,Thunderbolt,电,特殊,15,90,100,1,{{招式信息框/game,y,y,y,,130,y,175,,第一到第五世代为95,,,,驾雷驭电戏冲浪,阿罗雷Ｚ,175,千万伏特,智皮卡Ｚ,195,,,,,,,,,,,,,,,,,,,,
86,电磁波,でんじは,Thunder Wave,电,变化,20,—,,1,{{招式信息框/game,y,y,y,,,y,,,,,,,,,,,,,,,,,,,,,,,,,,,,,,,,
87,打雷,かみなり,Thunder,电,特殊,10,110,70,1,{{招式信息框/game,y,y,y,,140,y,185,,120在第一到第五世代,,,,,,,,,,,,,,,,,,,,,,,,,,,,,
88,落石,いわおとし,Rock Throw,岩石,物理,15,50,,1,{{招式信息框/game,y,y,y,,,,,,,,,,,,,,,,,,,,,,,,,,,,,,,,,,,
89,地震,じしん,Earthquake,地面,物理,10,100,100,1,{{招式信息框/game,y,y,y,,,,,,,,,,,,,,,,,,,,,,,,,,,,,,,,,,,
90,地裂,じわれ,Fissure,地面,物理,5,变化,30,1,{{招式信息框/game,y,y,y,,130,,180,,,,,,,,,,,,,,,,,,,,,,,,,,,,,,,
91,挖洞,あなをほる,Dig,地面,物理,10,80,100,1,{{招式信息框/game,y,y,y,,130,,160,,100在第一世代；60在第二到第三世代,,,,,,,,,,,,,,,,,,,,,,,,,,,,,
92,剧毒,どくどく,Toxic,毒,变化,10,—,,1,{{招式信息框/game,y,y,y,,,,,,,,,,,,,,,,,,,,,,,,,,,,,,,,,,,
93,念力,ねんりき,Confusion,超能力,特殊,25,50,100,1,{{招式信息框/game,y,y,y,,,y,,,,,,,,,,,,,,,,,,,,,,,,,,,,,,,,
94,精神强念,サイコキネシス,Psychic,超能力,特殊,10,90,100,1,{{招式信息框/game,y,y,y,,,y,,,,,,,起源超新星大爆炸,梦幻Ｚ,185,,,,,,,,,,,,,,,,,,,,,,,
95,催眠术,さいみんじゅつ,Hypnosis,超能力,变化,20,—,,1,{{招式信息框/game,y,y,y,,,y,,,,,,,,,,,,,,,,,,,,,,,,,,,,,,,,
96,瑜伽姿势,ヨガのポーズ,Meditate,超能力,变化,40,—,—,1,{{招式信息框/game,y,y,y,no,,,,,,,,,,,,,,,,,,,,,,,,,,,,,,,,,,
97,高速移动,こうそくいどう,Agility,超能力,变化,30,—,—,1,{{招式信息框/game,y,y,y,,,,,,,,,,,,,,,,,,,,,,,,,,,,,,,,,,,
98,电光一闪,でんこうせっか,Quick Attack,一般,物理,30,40,100,1,{{招式信息框/game,y,y,y,,,y,,,,1,,,,,,,,,,,,,,,,,,,,,,,,,,,,
99,愤怒,いかり,Rage,一般,物理,20,20,100,1,{{招式信息框/game,y,,,no,,,,,,,,,,,,,,,,,,,,,,,,,,,,,,,,,,
100,瞬间移动,テレポート,Teleport,超能力,变化,20,—,—,1,{{招式信息框/game,y,y,y,,,y,,,,,,,,,,,,,,,,,,,,,,,,,,,,,,,,
101,黑夜魔影,ナイトヘッド,Night Shade,幽灵,特殊,15,变化,100,1,{{招式信息框/game,y,y,y,,,,,,,,,,,,,,,,,,,,,,,,,,,,,,,,,,,
102,模仿,ものまね,Mimic,一般,变化,10,—,,1,{{招式信息框/game,y,y,y,,,y,,,,,,,,,,,,,,,,,,,,,,,,,,,,,,,,
103,刺耳声,いやなおと,Screech,一般,变化,40,—,85,1,{{招式信息框/game,y,y,y,,,,,,,,,,,,,,,,,,,,,,,,,,,,,,,,,,,
104,影子分身,かげぶんしん,Double Team,一般,变化,15,—,—,1,{{招式信息框/game,y,y,y,,,,,,,,,,,,,,,,,,,,,,,,,,,,,,,,,,,
105,自我再生,じこさいせい,Recover,一般,变化,,—,—,1,{{招式信息框/game,y,y,y,,,y,,,,,,,,,,,,,,,,,,,,,,,,,,,,,,,,
106,变硬,かたくなる,Harden,一般,变化,30,—,—,1,{{招式信息框/game,y,y,y,,,,,,,,,,,,,,,,,,,,,,,,,,,,,,,,,,,
107,变小,ちいさくなる,Minimize,一般,变化,,—,—,1,{{招式信息框/game,y,y,y,,,,,,,,,,,,,,,,,,,,,,,,,,,,,,,,,,,
108,烟幕,えんまく,Smokescreen,一般,变化,20,—,100,1,{{招式信息框/game,y,y,y,,,,,,,,,,,,,,,,,,,,,,,,,,,,,,,,,,,
109,奇异之光,あやしいひかり,Confuse Ray,幽灵,变化,10,—,100,1,{{招式信息框/game,y,y,y,,,,,,,,,,,,,,,,,,,,,,,,,,,,,,,,,,,
110,缩入壳中,からにこもる,Withdraw,水,变化,40,—,—,1,{{招式信息框/game,y,y,y,,,,,,,,,,,,,,,,,,,,,,,,,,,,,,,,,,,
111,变圆,まるくなる,Defense Curl,一般,变化,40,—,—,1,{{招式信息框/game,y,y,y,,,,,,,,,,,,,,,,,,,,,,,,,,,,,,,,,,,
112,屏障,バリアー,Barrier,超能力,变化,,—,—,1,{{招式信息框/game,y,,,no,,,,,,,,,,,,,,,,,,,,,,,,,,,,,,,,,,
113,光墙,ひかりのかべ,Light Screen,超能力,变化,30,—,—,1,{{招式信息框/game,y,y,y,,,,,,,,,,,,,,,,,,,,,,,,,,,,,,,,,,,
114,黑雾,くろいきり,Haze,冰,变化,30,—,—,1,{{招式信息框/game,y,y,y,,,,,,,,,,,,,,,,,,,,,,,,,,,,,,,,,,,
115,反射壁,リフレクター,Reflect,超能力,变化,20,—,—,1,{{招式信息框/game,y,y,y,,,,,,,,,,,,,,,,,,,,,,,,,,,,,,,,,,,
116,聚气,きあいだめ,Focus Energy,一般,变化,30,—,—,1,{{招式信息框/game,y,y,y,,,y,,,,,,,,,,,,,,,,,,,,,,,,,,,,,,,,
117,忍耐,がまん,Bide,一般,物理,10,变化,,1,{{招式信息框/game,y,,,no,,,,,,,,,,,,,,,,,,,,,,,,,,,,,,,,,,
118,挥指,ゆびをふる,Metronome,一般,变化,10,—,—,1,{{招式信息框/game,y,y,y,,,,,,,,,,,,,,,,,,,,,,,,,,,,,,,,,,,
119,鹦鹉学舌,オウムがえし,Mirror Move,飞行,变化,20,—,—,1,{{招式信息框/game,y,,,no,,,,,,,,,,,,,,,,,,,,,,,,,,,,,,,,,,
120,自爆,じばく,Self-Destruct,一般,物理,5,200,100,1,{{招式信息框/game,y,y,y,,150,y,200,,130在第一世代,,,,,,,,,,,,,,,,,,,,,,,,,,,,,
121,炸蛋,タマゴばくだん,Egg Bomb,一般,物理,10,100,75,1,{{招式信息框/game,y,,,no,,,,,,,,,,,,,,,,,,,,,,,,,,,,,,,,,,
122,舌舔,したでなめる,Lick,幽灵,物理,30,30,100,1,{{招式信息框/game,y,y,y,,90,,100,,20在第一到第五世代,,,,,,,,,,,,,,,,,,,,,,,,,,,,,
123,浊雾,スモッグ,Smog,毒,特殊,20,30,70,1,{{招式信息框/game,y,y,y,,70,,100,,20在第一到第五世代,,,,,,,,,,,,,,,,,,,,,,,,,,,,,
124,污泥攻击,ヘドロこうげき,Sludge,毒,特殊,20,65,100,1,{{招式信息框/game,y,y,y,,,,,,,,,,,,,,,,,,,,,,,,,,,,,,,,,,,
125,骨棒,ホネこんぼう,Bone Club,地面,物理,20,65,85,1,{{招式信息框/game,y,,,no,,,,,,,,,,,,,,,,,,,,,,,,,,,,,,,,,,
126,大字爆炎,だいもんじ,Fire Blast,火,特殊,5,110,85,1,{{招式信息框/game,y,y,y,,140,y,185,,第六世代前为120,,,大字爆炎 B2W2.gif,,,,,,,大字燒,160,,,,,,,,,,,,,,,,,,
127,攀瀑,たきのぼり,Waterfall,水,物理,15,80,100,1,{{招式信息框/game,y,y,y,,,,,,,,,攀瀑 B2W2.gif,,,,,,,,,,,,,,,,,,,,,,,,,,
128,贝壳夹击,からではさむ,Clamp,水,物理,,35,,1,{{招式信息框/game,y,,,no,,,,,,,,,,,,,,,,,,,,,,,,,,,,,,,,,,
129,高速星星,スピードスター,Swift,一般,特殊,20,60,—,1,{{招式信息框/game,y,y,y,,,y,,,,,,,,,,,,,,,,,,,,,,,,,,,,,,,,
130,火箭头锤,ロケットずつき,Skull Bash,一般,物理,,130,100,1,{{招式信息框/game,y,y,y,,140,,195,,100在第一到第五世代,,,,,,,,,,,,,,,,,,,,,,,,,,,,,
131,尖刺加农炮,とげキャノン,Spike Cannon,一般,物理,15,20,100,1,{{招式信息框/game,y,,,no,110,,,,,,,,,,,,,,,,,,,,,,,,,,,,,,,,,
132,缠绕,からみつく,Constrict,一般,物理,35,10,100,1,{{招式信息框/game,y,,,no,,,,,,,,,,,,,,,,,,,,,,,,,,,,,,,,,,
133,瞬间失忆,ドわすれ,Amnesia,超能力,变化,20,—,—,1,{{招式信息框/game,y,y,y,,,,,,,,,,,,,,,,,,,,,,,,,,,,,,,,,,,
134,折弯汤匙,スプーンまげ,Kinesis,超能力,变化,15,—,80,1,{{招式信息框/game,y,y,y,,,,,,,,,,,,,,,,,,,,,,,,,,,,,,,,,,,
135,生蛋,タマゴうみ,Soft-Boiled,一般,变化,10,—,—,1,{{招式信息框/game,y,y,y,,,y,,,,,,,,,,,,,,,,,,,,,,,,,,,,,,,,
136,飞膝踢,とびひざげり,High Jump Kick,格斗,物理,,130,90,1,{{招式信息框/game,y,y,y,,95,,195,,85在第一到第三世代；100在第四世代,,,,,,,,,,,,,,,,,,,,,,,,,,,,,
137,大蛇瞪眼,へびにらみ,Glare,一般,变化,30,—,,1,{{招式信息框/game,y,y,y,,,,,,,,,,,,,,,,,,,,,,,,,,,,,,,,,,,
138,食梦,ゆめくい,Dream Eater,超能力,特殊,15,100,100,1,{{招式信息框/game,y,y,y,,,,,,,,,,,,,,,,,,,,,,,,,,,,,,,,,,,
139,毒瓦斯,どくガス,Poison Gas,毒,变化,40,—,,1,{{招式信息框/game,y,y,y,,,y,,,,,,,,,,,,,,,,,,,,,,,,,,,,,,,,
140,投球,たまなげ,Barrage,一般,物理,20,15,85,1,{{招式信息框/game,y,,,no,,,,,,,,,,,,,,,,,,,,,,,,,,,,,,,,,,
141,吸血,きゅうけつ,Leech Life,虫,物理,,80,100,1,{{招式信息框/game,y,y,y,,130,y,160,,20在第一到第六世代,,,,,,,,,,,,,,,,,,,,,,,,,,,,,
142,恶魔之吻,あくまのキッス,Lovely Kiss,一般,变化,10,—,75,1,{{招式信息框/game,y,y,y,,,,,,,,,,,,,,,,,,,,,,,,,,,,,,,,,,,
143,神鸟猛击,ゴッドバード,Sky Attack,飞行,物理,5,140,90,1,{{招式信息框/game,y,y,y,,140,,200,,中为200,,,,,,,,,,,,,,,,,,,,,,,,,,,,,
144,变身,へんしん,Transform,一般,变化,10,—,—,1,{{招式信息框/game,y,y,y,,,,,,,,,,,,,,,,,,,,,,,,,,,,,,,,,,,
145,泡沫,あわ,Bubble,水,特殊,30,40,100,1,{{招式信息框/game,y,,,no,90,y,100,,20在第一到第五世代,,,,,,,,,,,,,,,,,,,,,,,,,,,,,
146,迷昏拳,ピヨピヨパンチ,Dizzy Punch,一般,物理,10,70,100,1,{{招式信息框/game,y,,,no,,,,,,,,,,,,,,,,,,,,,,,,,,,,,,,,,,
147,蘑菇孢子,キノコのほうし,Spore,草,变化,15,—,100,1,{{招式信息框/game,y,y,y,,,y,,,,,,,,,,,,,,,,,,,,,,,,,,,,,,,,
148,闪光,フラッシュ,Flash,一般,变化,20,—,,1,{{招式信息框/game,y,,y,no,,,,,,,,,,,,,,,,,,,,,,,,,,,,,,,,,,
149,精神波,サイコウェーブ,Psywave,超能力,特殊,15,变化,,1,{{招式信息框/game,y,,,no,,,,,,,,,,,,,,,,,,,,,,,,,,,,,,,,,,
150,跃起,はねる,Splash,一般,变化,40,—,—,1,{{招式信息框/game,y,y,y,,,y,,,,,,,,,,,,,,,,,,,,,,,,,,,,,,,,
151,溶化,とける,Acid Armor,毒,变化,,—,—,1,{{招式信息框/game,y,y,y,,,y,,,,,,,,,,,,,,,,,,,,,,,,,,,,,,,,
152,蟹钳锤,クラブハンマー,Crabhammer,水,物理,10,100,,1,{{招式信息框/game,y,y,y,,130,,180,,90在第一到第五世代,,,,,,,,,,,,,,,,,,,,,,,,,,,,,
153,大爆炸,だいばくはつ,Explosion,一般,物理,5,250,100,1,{{招式信息框/game,y,y,y,,150,,200,,170在第一世代,,,,,,,,,,,,,,,,,,,,,,,,,,,,,
154,乱抓,みだれひっかき,Fury Swipes,一般,物理,15,18,80,1,{{招式信息框/game,y,y,y,,100,,,,,,,,,,,,,,,,,,,,,,,,,,,,,,,,,
155,骨头回力镖,ホネブーメラン,Bonemerang,地面,物理,10,50,90,1,{{招式信息框/game,y,y,y,,,,,,,,,,,,,,,,,,,,,,,,,,,,,,,,,,,
156,睡觉,ねむる,Rest,超能力,变化,10,—,—,1,{{招式信息框/game,y,y,y,,,y,,,,,,,,,,,,,,,,,,,,,,,,,,,,,,,,
157,岩崩,いわなだれ,Rock Slide,岩石,物理,10,75,90,1,{{招式信息框/game,y,y,y,,,y,,,,,,,,,,,,,,,,,,,,,,,,,,,,,,,,
158,必杀门牙,ひっさつまえば,Hyper Fang,一般,物理,15,80,90,1,{{招式信息框/game,y,y,,,,,,,,,,,,,,,,,,,,,,,,,,,,,,,,,,,,
159,棱角化,かくばる,Sharpen,一般,变化,30,—,—,1,{{招式信息框/game,y,,,no,,,,,,,,,,,,,,,,,,,,,,,,,,,,,,,,,,
160,纹理,テクスチャー,Conversion,一般,变化,30,—,—,1,{{招式信息框/game,y,y,y,,,,,,,,,,,,,,,,,,,,,,,,,,,,,,,,,,,
161,三重攻击,トライアタック,Tri Attack,一般,特殊,10,80,100,1,{{招式信息框/game,y,y,y,,,y,,,,,,,,,,,,,,,,,,,,,,,,,,,,,,,,
162,愤怒门牙,いかりのまえば,Super Fang,一般,物理,10,变化,90,1,{{招式信息框/game,y,y,y,,,,,,,,,,,,,,,,,,,,,,,,,,,,,,,,,,,
163,劈开,きりさく,Slash,一般,物理,20,70,100,1,{{招式信息框/game,y,y,y,,,y,,,,,,,,,,,,,,,挥砍,,,,,,,,,,,,,,,,,
164,替身,みがわり,Substitute,一般,变化,10,—,—,1,{{招式信息框/game,y,y,y,,,,,,,,,,,,,,,,,,,,,,,,,,,,,,,,,,,
165,挣扎,わるあがき,Struggle,一般,物理,---,50,—,1,{{招式信息框/game,y,y,y,,,y,1,---,,,,,,,,,,,,,,,,,,,,,,,,,,,,,,
166,写生,スケッチ,Sketch,一般,变化,1,—,—,2,{{招式信息框/game,,y,y,,,,,,,,,,,,,,,,,,,,,,,,,,,,,,,,,,,
167,三连踢,トリプルキック,Triple Kick,格斗,物理,10,10,90,2,{{招式信息框/game,,y,y,,,,120,,,,,,,,,,,,,,,,,,,,,,,,,,,,,,,
168,小偷,どろぼう,Thief,恶,物理,,60,100,2,{{招式信息框/game,,y,y,,110,,120,,40在第二到第五世代,,,,,,,,,,,,,,,,,,,,,,,,,,,,,
169,蛛网,クモのす,Spider Web,虫,变化,10,—,—,2,{{招式信息框/game,,,,no,,,,,,,,,,,,,,,,,,,,,,,,,,,,,,,,,,
170,心之眼,こころのめ,Mind Reader,一般,变化,5,—,,2,{{招式信息框/game,,y,y,,,,,,,,,,,,,,,,,,,,,,,,,,,,,,,,,,,
171,恶梦,あくむ,Nightmare,幽灵,变化,15,—,,2,{{招式信息框/game,,,,no,,,,,,,,恶梦 B2W2.gif,,,,,,,,,,,,,,,,,,,,,,,,,,
172,火焰轮,かえんぐるま,Flame Wheel,火,物理,25,60,100,2,{{招式信息框/game,,y,y,,,y,,,,,,,,,,,,,,,,,,,,,,,,,,,,,,,,
173,打鼾,いびき,Snore,一般,特殊,15,50,100,2,{{招式信息框/game,,y,y,,100,,100,,40在第二到第五世代,,,,,,,,,,,,,,,,,,,,,,,,,,,,,
174,诅咒,のろい,Curse,幽灵,变化,10,—,—,2,{{招式信息框/game,,y,y,,,,,,,,,,,,,,,,,,,,,,,,,,,,,,,,,,,
175,抓狂,じたばた,Flail,一般,物理,15,变化,100,2,{{招式信息框/game,,y,y,,130,,160,,,,,,,,,,,,,,,,,,,,,,,,,,,,,,,
176,纹理２,テクスチャー２,Conversion 2,一般,变化,30,—,—,2,{{招式信息框/game,,y,y,,,,,,,,,,,,,,,,,,,,,,,,,,,,,,,,,,,
177,气旋攻击,エアロブラスト,Aeroblast,飞行,特殊,5,100,95,2,{{招式信息框/game,,y,y,,,,,,,,,气旋攻击 B2W2.gif,,,,,,,,,,,,,,,,,,,,,,,,,,
178,棉孢子,わたほうし,Cotton Spore,草,变化,40,—,,2,{{招式信息框/game,,y,y,,,,,,,,,,,,,,,,,,,,,,,,,,,,,,,,,,,
179,起死回生,きしかいせい,Reversal,格斗,物理,15,变化,100,2,{{招式信息框/game,,y,y,,100,,160,,,,,,,,,,,,,,,,,,,,,,,,,,,,,,,
180,怨恨,うらみ,Spite,幽灵,变化,10,—,100,2,{{招式信息框/game,,y,y,,,,,,,,,,,,,,,,,,,,,,,,,,,,,,,,,,,
181,细雪,こなゆき,Powder Snow,冰,特殊,25,40,100,2,{{招式信息框/game,,y,y,,,y,,,,,,,,,,,,,,,,,,,,,,,,,,,,,,,,
182,守住,まもる,Protect,一般,变化,10,—,—,2,{{招式信息框/game,y,y,y,,,,,,,,,,,,,,,,,,,,,,,,,,,,,,,,,,,
183,音速拳,マッハパンチ,Mach Punch,格斗,物理,30,40,100,2,{{招式信息框/game,,y,y,,,y,,,,1,,,,,,,,,,,,,,,,,,,,,,,,,,,,
184,鬼面,こわいかお,Scary Face,一般,变化,10,—,,2,{{招式信息框/game,,y,y,,,,,,,,,,,,,,,,,,,,,,,,,,,,,,,,,,,
185,出奇一击,だましうち,Feint Attack,恶,物理,20,60,—,2,{{招式信息框/game,,,,no,,,,,,,,,,,,,,,,,,,,,,,,,,,,,,,,,,
186,天使之吻,てんしのキッス,Sweet Kiss,妖精,变化,10,—,75,2,{{招式信息框/game,,y,y,,,,,,,,,,,,,,,,,,,,,,,,,,,,,,,,,,,
187,腹鼓,はらだいこ,Belly Drum,一般,变化,10,—,—,2,{{招式信息框/game,,y,y,,,,,,,,,,,,,,,,,,,,,,,,,,,,,,,,,,,
188,污泥炸弹,ヘドロばくだん,Sludge Bomb,毒,特殊,10,90,100,2,{{招式信息框/game,y,y,y,,,y,,,,,,,,,,,,,,,,,,,,,,,,,,,,,,,,
189,掷泥,どろかけ,Mud-Slap,地面,特殊,10,20,100,2,{{招式信息框/game,,y,y,,,y,,,,,,,,,,,,,,,,,,,,,,,,,,,,,,,,
190,章鱼桶炮,オクタンほう,Octazooka,水,特殊,10,65,85,2,{{招式信息框/game,,y,y,,,y,,,,,,,,,,,,,,,,,,,,,,,,,,,,,,,,
191,撒菱,まきびし,Spikes,地面,变化,20,—,—,2,{{招式信息框/game,,y,y,,,y,,,,,,,,,,,,,,,,,,,,,,,,,,,,,,,,
192,电磁炮,でんじほう,Zap Cannon,电,特殊,5,120,50,2,{{招式信息框/game,,y,y,,140,,190,,100在第二到第三世代,,,,,,,,,,,,,,,,,,,,,,,,,,,,,
193,识破,みやぶる,Foresight,一般,变化,40,—,,2,{{招式信息框/game,,,,no,,,,,,,,,,,,,,,,,,,,,,,,,,,,,,,,,,
194,同命,みちづれ,Destiny Bond,幽灵,变化,5,—,—,2,{{招式信息框/game,,y,y,,,,,,,,,,,,,,,,,,,,,,,,,,,,,,,,,,,
195,灭亡之歌,ほろびのうた,Perish Song,一般,变化,5,—,—,2,{{招式信息框/game,,y,y,,,,,,,,,,,,,,,,,,,,,,,,,,,,,,,,,,,
196,冰冻之风,こごえるかぜ,Icy Wind,冰,特殊,15,55,95,2,{{招式信息框/game,,y,y,,,y,,,,,,,,,,,,,,,,,,,,,,,,,,,,,,,,
197,看穿,みきり,Detect,格斗,变化,5,—,—,2,{{招式信息框/game,,y,y,,,,,,,,,,,,,,,,,,,,,,,,,,,,,,,,,,,
198,骨棒乱打,ボーンラッシュ,Bone Rush,地面,物理,10,25,,2,{{招式信息框/game,,y,y,,130,,140,,,,,,,,,,,,,,,,,,,,,,,,,,,,,,,
199,锁定,ロックオン,Lock-On,一般,变化,5,—,,2,{{招式信息框/game,,y,y,,,,,,,,,,,,,,,,,,,,,,,,,,,,,,,,,,,
200,逆鱗,げきりん,Outrage,龙,物理,,120,100,2,{{招式信息框/game,y,y,y,,140,y,190,,90在第二到第三世代,,,,,,,,,,,,,,,,,,,,,,,,,,,,,
201,沙暴,すなあらし,Sandstorm,岩石,变化,10,—,—,2,{{招式信息框/game,,y,y,,,,,,,,,,,,,,,,,,,,,,,,,,,,,,,,,,,
202,终极吸取,ギガドレイン,Giga Drain,草,特殊,,75,100,2,{{招式信息框/game,,y,y,,130,,140,,60在第二到第四世代,,,,,,,,,,,,,,,,,,,,,,,,,,,,,
203,挺住,こらえる,Endure,一般,变化,10,—,—,2,{{招式信息框/game,,y,y,,,,,,,,,,,,,,,,,,,,,,,,,,,,,,,,,,,
204,撒娇,あまえる,Charm,妖精,变化,20,—,100,2,{{招式信息框/game,,y,y,,,,,,,,,,,,,,,,,,,,,,,,,,,,,,,,,,,
205,滚动,ころがる,Rollout,岩石,物理,20,30,90,2,{{招式信息框/game,,y,y,,,y,,,,,,,,,,,,,,,,,,,,,,,,,,,,,,,,
206,点到为止,みねうち,False Swipe,一般,物理,40,40,100,2,{{招式信息框/game,,y,y,,,y,,,,,,,,,,,,,,,,,,,,,,,,,,,,,,,,
207,虚张声势,いばる,Swagger,一般,变化,15,—,,2,{{招式信息框/game,,y,y,,,,,,,,,,,,,,,,,,,,,,,,,,,,,,,,,,,
208,喝牛奶,ミルクのみ,Milk Drink,一般,变化,10,—,—,2,{{招式信息框/game,,y,y,,,,,,,,,,,,,,,,,,,,,,,,,,,,,,,,,,,
209,电光,スパーク,Spark,电,物理,20,65,100,2,{{招式信息框/game,,y,y,,,y,,,,,,,,,,,,,,,,,,,,,,,,,,,,,,,,
210,连斩,れんぞくぎり,Fury Cutter,虫,物理,20,40,95,2,{{招式信息框/game,,y,y,,90,,100,,10在第二到第四世代；20在第五世代,,,,,,,,,,,,,,,,,,,,,,,,,,,,,
211,钢翼,はがねのつばさ,Steel Wing,钢,物理,25,70,90,2,{{招式信息框/game,,y,y,,,,,,,,,,,,,,,,,,,,,,,,,,,,,,,,,,,
212,黑色目光,くろいまなざし,Mean Look,一般,变化,5,—,—,2,{{招式信息框/game,,y,y,,,,,,,,,,,,,,,,,,,,,,,,,,,,,,,,,,,
213,迷人,メロメロ,Attract,一般,变化,15,—,100,2,{{招式信息框/game,,y,y,,,,,,,,,,,,,,,,,,,頹廢'''、'''媚惑,,,,,,,,,,,,,,,,
214,梦话,ねごと,Sleep Talk,一般,变化,10,—,—,2,{{招式信息框/game,,y,y,,,,,,,,,,,,,,,,,,,,,,,,,,,,,,,,,,,
215,治愈铃声,いやしのすず,Heal Bell,一般,变化,5,—,—,2,{{招式信息框/game,,y,y,,,,,,,,,,,,,,,,,,,,,,,,,,,,,,,,,,,
216,报恩,おんがえし,Return,一般,物理,20,变化,100,2,{{招式信息框/game,,,,no,,,160,,,,,,,,,,,,,,,,,,,,,,,,,,,,,,,
217,礼物,プレゼント,Present,一般,物理,15,变化,90,2,{{招式信息框/game,,y,y,,,,,,,,,,,,,,,,,,,,,,,,,,,,,,,,,,,
218,迁怒,やつあたり,Frustration,一般,物理,20,变化,100,2,{{招式信息框/game,,,,no,,,160,,,,,,,,,,,,,,,,,,,,,,,,,,,,,,,
219,神秘守护,しんぴのまもり,Safeguard,一般,变化,25,—,—,2,{{招式信息框/game,,y,y,,,,,,,,,,,,,,,,,,,,,,,,,,,,,,,,,,,
220,分担痛楚,いたみわけ,Pain Split,一般,变化,20,—,—,2,{{招式信息框/game,,y,y,,,,,,,,,,,,,,,,,,,,,,,,,,,,,,,,,,,
221,神圣之火,せいなるほのお,Sacred Fire,火,物理,5,100,95,2,{{招式信息框/game,,y,y,,,,,,,,,神圣之火 B2W2.gif,,,,,,,,,,,,,,,,,,,,,,,,,,
222,震级,マグニチュード,Magnitude,地面,物理,30,变化,100,2,{{招式信息框/game,,,,no,,,140,,,,,,,,,,,,,,,,,,,,,,,,,,,,,,,
223,爆裂拳,ばくれつパンチ,Dynamic Punch,格斗,物理,5,100,50,2,{{招式信息框/game,,y,y,,,,,,,,,爆裂拳 B2W2.gif,,,,,,,,,,,,,,,,,,,,,,,,,,
224,超级角击,メガホーン,Megahorn,虫,物理,10,120,85,2,{{招式信息框/game,y,y,y,,,y,,,,,,超级角击 B2W2.gif,,,,,,,,,,,,,,,,,,,,,,,,,,
225,龙息,りゅうのいぶき,Dragon Breath,龙,特殊,20,60,100,2,{{招式信息框/game,,y,y,,,,,,,,,,,,,,,,,,,,,,,,,,,,,,,,,,,
226,接棒,バトンタッチ,Baton Pass,一般,变化,40,—,—,2,{{招式信息框/game,,y,y,,,,,,,,,,,,,,,,,,,,,,,,,,,,,,,,,,,
227,再来一次,アンコール,Encore,一般,变化,5,—,100,2,{{招式信息框/game,y,y,y,,,,,,,,,,,,,,,,,,,,,,,,,,,,,,,,,,,
228,追打,おいうち,Pursuit,恶,物理,20,40,100,2,{{招式信息框/game,,,,no,,,,,,,,,,,,,,,,,,,,,,,,,,,,,,,,,,
229,高速旋转,こうそくスピン,Rapid Spin,一般,物理,40,50,100,2,{{招式信息框/game,,y,y,,100,,100,,第八世代前为20,,,,,,,,,,,,,,,,,,,,,,,,,,,,,
230,甜甜香气,あまいかおり,Sweet Scent,一般,变化,20,—,100,2,{{招式信息框/game,,y,y,,,,,,,,,,,,,,,,,,,,,,,,,,,,,,,,,,,
231,铁尾,アイアンテール,Iron Tail,钢,物理,15,100,75,2,{{招式信息框/game,y,y,y,,,y,,,,,,,,,,,,,,,,,,,,,,,,,,,,,,,,
232,金属爪,メタルクロー,Metal Claw,钢,物理,35,50,95,2,{{招式信息框/game,,y,y,,,,,,,,,,,,,,,,,,,,,,,,,,,,,,,,,,,
233,借力摔,あてみなげ,Vital Throw,格斗,物理,10,70,—,2,{{招式信息框/game,,y,y,,,,,,,-1,,,,,,,,,,,,,,,,,,,,,,,,,,,,
234,晨光,あさのひざし,Morning Sun,一般,变化,5,—,—,2,{{招式信息框/game,,y,y,,,,,,,,,,,,,,,,,,,,,,,,,,,,,,,,,,,
235,光合作用,こうごうせい,Synthesis,草,变化,5,—,—,2,{{招式信息框/game,,y,y,,,,,,,,,,,,,,,,,,,,,,,,,,,,,,,,,,,
236,月光,つきのひかり,Moonlight,妖精,变化,5,—,—,2,{{招式信息框/game,,y,y,,,,,,,,,,,,,,,,,,,,,,,,,,,,,,,,,,,
237,觉醒力量,めざめるパワー,Hidden Power,一般,特殊,15,50,100,2,{{招式信息框/game,,,y,no,110,y,120,,在第二到第五世代中威力是变化的，在第六世代至晶灿钻石／明亮珍珠是60,,,,,,,,,,,,,,,,,,,,,,,,,,,,,
238,十字劈,クロスチョップ,Cross Chop,格斗,物理,5,100,80,2,{{招式信息框/game,,y,y,,,,,,,,,,,,,,,,,,,,,,,,,,,,,,,,,,,
239,龙卷风,たつまき,Twister,龙,特殊,20,40,100,2,{{招式信息框/game,,y,y,,,y,,,,,,,,,,,,,,,,,,,,,,,,,,,,,,,,
240,求雨,あまごい,Rain Dance,水,变化,5,—,—,2,{{招式信息框/game,,y,y,,,,,,,,,,,,,,,,,,,,,,,,,,,,,,,,,,,
241,大晴天,にほんばれ,Sunny Day,火,变化,5,—,—,2,{{招式信息框/game,,y,y,,,,,,,,,,,,,,,,,,,,,,,,,,,,,,,,,,,
242,咬碎,かみくだく,Crunch,恶,物理,15,80,100,2,{{招式信息框/game,y,y,y,,,y,,,,,,,,,,,,,,,,,,,,,,,,,,,,,,,,
243,镜面反射,ミラーコート,Mirror Coat,超能力,特殊,20,变化,100,2,{{招式信息框/game,y,y,y,,,,,,,-5,,,,,,,,,,,,,,,,,,,,,,,,,,,,
244,自我暗示,じこあんじ,Psych Up,一般,变化,10,—,—,2,{{招式信息框/game,,y,y,,,,,,,,,,,,,,,,,,,,,,,,,,,,,,,,,,,
245,神速,しんそく,Extreme Speed,一般,物理,5,80,100,2,{{招式信息框/game,,y,y,,,,,,,,,神速 B2W2.gif,,,,,,,,,,,,,,,,,,,,,,,,,,
246,原始之力,げんしのちから,Ancient Power,岩石,特殊,5,60,100,2,{{招式信息框/game,,y,y,,,y,,,,,,,,,,,,,,,,,,,,,,,,,,,,,,,,
247,暗影球,シャドーボール,Shadow Ball,幽灵,特殊,15,80,100,2,{{招式信息框/game,y,y,y,,,y,,,,,,,,,,,,,,,,,,,,,,,,,,,,,,,,
248,预知未来,みらいよち,Future Sight,超能力,特殊,,120,,2,{{招式信息框/game,,y,y,,140,,190,,80在第二到第四世代；100在第五世代,,,,,,,,,,,,,,,,,,,,,,,,,,,,,
249,碎岩,いわくだき,Rock Smash,格斗,物理,15,40,100,2,{{招式信息框/game,,y,y,,70,y,100,,从第二到第三世代是20,,,,,,,,,,,,,,,,,,,,,,,,,,,,,
250,潮旋,うずしお,Whirlpool,水,特殊,15,35,,2,{{招式信息框/game,,y,y,,90,,100,,15在第二到第四世代,,,,,,,,,,,,,,,,,,,,,,,,,,,,,
251,围攻,ふくろだたき,Beat Up,恶,物理,10,变化,100,2,{{招式信息框/game,,y,y,,,,,,,,,,,,,,,,,,,,,,,,,,,,,,,,,,,
252,击掌奇袭,ねこだまし,Fake Out,一般,物理,10,40,100,3,{{招式信息框/game,y,y,y,,,,,,,,,,,,,,,,,,,,,,,,,,,,,,,,,,,
253,吵闹,さわぐ,Uproar,一般,特殊,10,90,100,3,{{招式信息框/game,,y,y,,130,,175,,50在第三到第四世代,,,,,,,,,,,,,,,,,,,,,,,,,,,,,
254,蓄力,たくわえる,Stockpile,一般,变化,,—,—,3,{{招式信息框/game,,y,y,,,,,,,,,,,,,,,,,,,,,,,,,,,,,,,,,,,
255,喷出,はきだす,Spit Up,一般,特殊,10,变化,100,3,{{招式信息框/game,,y,y,,,,,,,,,,,,,,,,,,,,,,,,,,,,,,,,,,,
256,吞下,のみこむ,Swallow,一般,变化,10,—,—,3,{{招式信息框/game,,y,y,,,,,,,,,,,,,,,,,,,,,,,,,,,,,,,,,,,
257,热风,ねっぷう,Heat Wave,火,特殊,10,95,90,3,{{招式信息框/game,y,y,y,,130,,175,,100在第三到第五世代,,,,,,,,,,,,,,,,,,,,,,,,,,,,,
258,冰雹,あられ,Hail,冰,变化,10,—,—,3,{{招式信息框/game,,y,y,,,,,,,,,,,,,,,,,,,,,,,,,,,,,,,,,,,
259,无理取闹,いちゃもん,Torment,恶,变化,15,—,100,3,{{招式信息框/game,,y,y,,,,,,,,,,,,,,,,,,,,,,,,,,,,,,,,,,,
260,吹捧,おだてる,Flatter,恶,变化,15,—,100,3,{{招式信息框/game,,y,y,,,,,,,0,,,,,,,,,,,,,,,,,,,,,,,,,,,,
261,鬼火,おにび,Will-O-Wisp,火,变化,15,—,,3,{{招式信息框/game,y,y,y,,,,,,,,,,,,,,,,,,,,,,,,,,,,,,,,,,,
262,临别礼物,おきみやげ,Memento,恶,变化,10,—,100,3,{{招式信息框/game,,y,y,,,,,,,,,,,,,,,,,,,,,,,,,,,,,,,,,,,
263,硬撑,からげんき,Facade,一般,物理,20,70,100,3,{{招式信息框/game,y,y,y,,,,,,,,,,,,,,,,,,,,,,,,,,,,,,,,,,,
264,真气拳,きあいパンチ,Focus Punch,格斗,物理,20,150,100,3,{{招式信息框/game,,y,y,,,,,,,-3,,,,,,,,,,,,,,,,,,,,,,,,,,,,
265,清醒,きつけ,Smelling Salts,一般,物理,10,70,100,3,{{招式信息框/game,,,,no,120,,140,,60在第三到第五世代,,,,,,,,,,,,,,,,,,,,,,,,,,,,,
266,看我嘛,このゆびとまれ,Follow Me,一般,变化,20,—,—,3,{{招式信息框/game,,y,y,,,,,,,,,,,,,,,,,,,,,,,,,,,,,,,,,,,
267,自然之力,しぜんのちから,Nature Power,一般,变化,20,—,—,3,{{招式信息框/game,,y,y,,,,,,,,,,,,,,,,,,,,,,,,,,,,,,,,,,,
268,充电,じゅうでん,Charge,电,变化,20,—,—,3,{{招式信息框/game,,y,y,,,,,,,,,,,,,,,,,,,,,,,,,,,,,,,,,,,
269,挑衅,ちょうはつ,Taunt,恶,变化,20,—,100,3,{{招式信息框/game,y,y,y,,,,,,,,,,,,,,,,,,,,,,,,,,,,,,,,,,,
270,帮助,てだすけ,Helping Hand,一般,变化,20,—,—,3,{{招式信息框/game,y,y,y,,,,,,,5,,,,,,,,,,,,,,,,,,,,,,,,,,,,
271,戏法,トリック,Trick,超能力,变化,10,—,100,3,{{招式信息框/game,,y,y,,,,,,,,,,,,,,,,,,,,,,,,,,,,,,,,,,,
272,扮演,なりきり,Role Play,超能力,变化,10,—,—,3,{{招式信息框/game,,y,y,,,,,,,,,,,,,,,,,,,,,,,,,,,,,,,,,,,
273,祈愿,ねがいごと,Wish,一般,变化,10,—,—,3,{{招式信息框/game,,y,y,,,,,,,,,,,,,,,,,,,,,,,,,,,,,,,,,,,
274,借助,ねこのて,Assist,一般,变化,20,—,—,3,{{招式信息框/game,,,,no,,,,,,,,,,,,,,,,,,,,,,,,,,,,,,,,,,
275,扎根,ねをはる,Ingrain,草,变化,20,—,—,3,{{招式信息框/game,,y,y,,,,,,,,,,,,,,,,,,,,,,,,,,,,,,,,,,,
276,蛮力,ばかぢから,Superpower,格斗,物理,5,120,100,3,{{招式信息框/game,y,y,y,,,,,,,,,蛮力 B2W2.gif,,,,,,,,,,,,,,,,,,,,,,,,,,
277,魔法反射,マジックコート,Magic Coat,超能力,变化,15,—,—,3,{{招式信息框/game,,y,y,,,,,,,4,,,,,,,,,,,,,,,,,,,,,,,,,,,,
278,回收利用,リサイクル,Recycle,一般,变化,10,—,—,3,{{招式信息框/game,,y,y,,,,,,,,,,,,,,,,,,,,,,,,,,,,,,,,,,,
279,报复,リベンジ,Revenge,格斗,物理,10,60,100,3,{{招式信息框/game,,y,y,,,,,,,-4,,,,,,,,,,,,,,,,,,,,,,,,,,,,
280,劈瓦,かわらわり,Brick Break,格斗,物理,15,75,100,3,{{招式信息框/game,y,y,y,,,,,,,,,,,,,,,,,,,,,,,,,,,,,,,,,,,
281,哈欠,あくび,Yawn,一般,变化,10,—,—,3,{{招式信息框/game,y,y,y,,,,,,,,,,,,,,,,,,,,,,,,,,,,,,,,,,,
282,拍落,はたきおとす,Knock Off,恶,物理,,65,100,3,{{招式信息框/game,,y,y,,120,,120,,在第三到第五世代中为20,,,,,,,,,,,,,,,,,,,,,,,,,,,,,
283,蛮干,がむしゃら,Endeavor,一般,物理,5,变化,100,3,{{招式信息框/game,,y,y,,130,,160,,,,,,,,,,,,,,,,,,,,,,,,,,,,,,,
284,喷火,ふんか,Eruption,火,特殊,5,150,100,3,{{招式信息框/game,,y,y,,,,,,,,,,,,,,,,,,,,,,,,,,,,,,,,,,,
285,特性互换,スキルスワップ,Skill Swap,超能力,变化,10,—,—,3,{{招式信息框/game,,y,y,,,,,,,,,,,,,,,,,,,,,,,,,,,,,,,,,,,
286,封印,ふういん,Imprison,超能力,变化,10,—,—,3,{{招式信息框/game,,y,y,,,,,,,,,,,,,,,,,,,,,,,,,,,,,,,,,,,
287,焕然一新,リフレッシュ,Refresh,一般,变化,20,—,—,3,{{招式信息框/game,,,,no,,,,,,,,,,,,,,,,,,,,,,,,,,,,,,,,,,
288,怨念,おんねん,Grudge,幽灵,变化,5,—,—,3,{{招式信息框/game,,y,y,,,,,,,,,,,,,,,,,,,,,,,,,,,,,,,,,,,
289,抢夺,よこどり,Snatch,恶,变化,10,—,—,3,{{招式信息框/game,,,,no,,,,,,4,,,,,,,,,,,,,,,,,,,,,,,,,,,,
290,秘密之力,ひみつのちから,Secret Power,一般,物理,20,70,100,3,{{招式信息框/game,,,,no,,,,,,,,,,,,,,,,,,,,,,,,,,,,,,,,,,
291,潜水,ダイビング,Dive,水,物理,10,80,100,3,{{招式信息框/game,,y,y,,130,,160,,60在第三世代,,,,,,,,,,,,,,,,,,,,,,,,,,,,,
292,猛推,つっぱり,Arm Thrust,格斗,物理,20,15,100,3,{{招式信息框/game,,y,y,,,,,,,,,,,,,,,,,,,,,,,,,,,,,,,,,,,
293,保护色,ほごしょく,Camouflage,一般,变化,20,—,—,3,{{招式信息框/game,,,,no,,,,,,,,,,,,,,,,,,,,,,,,,,,,,,,,,,
294,萤火,ほたるび,Tail Glow,虫,变化,20,—,—,3,{{招式信息框/game,,,y,no,,,,,,,,,,,,,,,,,,,,,,,,,,,,,,,,,,
295,洁净光芒,ラスターパージ,Luster Purge,超能力,特殊,5,70,100,3,{{招式信息框/game,,y,y,,,,,,,,,,,,,,,,,,,,,,,,,,,,,,,,,,,
296,薄霧球,ミストボール,Mist Ball,超能力,特殊,5,70,100,3,{{招式信息框/game,,y,y,,,,,,,,,,,,,,,,,,,,,,,,,,,,,,,,,,,
297,羽毛舞,フェザーダンス,Feather Dance,飞行,变化,15,—,100,3,{{招式信息框/game,,y,y,,,,,,,,,,,,,,,,,,,,,,,,,,,,,,,,,,,
298,摇晃舞,フラフラダンス,Teeter Dance,一般,变化,20,—,100,3,{{招式信息框/game,,y,y,,,,,,,,,,,,,,,,,,,,,,,,,,,,,,,,,,,
299,火焰踢,ブレイズキック,Blaze Kick,火,物理,10,85,90,3,{{招式信息框/game,,y,y,,,,,,,,,,,,,,,,,,,,,,,,,,,,,,,,,,,
300,玩泥巴,どろあそび,Mud Sport,地面,变化,15,—,—,3,{{招式信息框/game,,,,no,,,,,,,,,,,,,,,,,,,,,,,,,,,,,,,,,,
301,冰球,アイスボール,Ice Ball,冰,物理,20,30,90,3,{{招式信息框/game,,,,no,,y,,,,,,,,,,,,,,,,,,,,,,,,,,,,,,,,
302,尖刺臂,ニードルアーム,Needle Arm,草,物理,15,60,100,3,{{招式信息框/game,,,,no,,,,,,,,,,,,,,,,,,,,,,,,,,,,,,,,,,
303,偷懒,なまける,Slack Off,一般,变化,10,—,—,3,{{招式信息框/game,,y,y,,,,,,,,,,,,,,,,,,,,,,,,,,,,,,,,,,,
304,巨声,ハイパーボイス,Hyper Voice,一般,特殊,10,90,100,3,{{招式信息框/game,,y,y,,,,,,,,,,,,,,,,,,,,,,,,,,,,,,,,,,,
305,剧毒牙,どくどくのキバ,Poison Fang,毒,物理,15,50,100,3,{{招式信息框/game,,y,y,,,,,,,,,,,,,,,,,,,,,,,,,,,,,,,,,,,
306,撕裂爪,ブレイククロー,Crush Claw,一般,物理,10,75,95,3,{{招式信息框/game,,y,y,,,,,,,,,,,,,,,,,,,,,,,,,,,,,,,,,,,
307,爆炸烈焰,ブラストバーン,Blast Burn,火,特殊,5,150,90,3,{{招式信息框/game,,y,y,,,,,,,,,,,,,,,,,,,,,,,,,,,,,,,,,,,
308,加农水炮,ハイドロカノン,Hydro Cannon,水,特殊,5,150,90,3,{{招式信息框/game,,y,y,,,,,,,,,,,,,,,,,,,,,,,,,,,,,,,,,,,
309,彗星拳,コメットパンチ,Meteor Mash,钢,物理,10,90,,3,{{招式信息框/game,,y,y,,130,,175,,100在第三到第五世代,,,,,,,,,,,,,,,,,,,,,,,,,,,,,
310,惊吓,おどろかす,Astonish,幽灵,物理,15,30,100,3,{{招式信息框/game,,y,y,,,y,,,,,,,,,,,,,,,,,,,,,,,,,,,,,,,,
311,气象球,ウェザーボール,Weather Ball,一般,特殊,10,50,100,3,{{招式信息框/game,,y,y,,130,,160,,,,,,,,,,,,,,,,,,,,,,,,,,,,,,,
312,芳香治疗,アロマセラピー,Aromatherapy,草,变化,5,—,—,3,{{招式信息框/game,,y,y,,,,,,,,,,,,,,,,,,,,,,,,,,,,,,,,,,,
313,假哭,うそなき,Fake Tears,恶,变化,20,—,100,3,{{招式信息框/game,,y,y,,,,,,,,,,,,,,,,,,,,,,,,,,,,,,,,,,,
314,空气利刃,エアカッター,Air Cutter,飞行,特殊,25,60,95,3,{{招式信息框/game,,y,y,,110,y,120,,55在第三到第五世代,,,,,,,,,,,,,,,,,,,,,,,,,,,,,
315,过热,オーバーヒート,Overheat,火,特殊,5,130,90,3,{{招式信息框/game,,y,y,,140,y,195,,140在第三到第五世代,,,,,,,,,,,,,,,,,,,,,,,,,,,,,
316,气味侦测,かぎわける,Odor Sleuth,一般,变化,40,—,,3,{{招式信息框/game,,,,no,,,,,,,,,,,,,,,,,,,,,,,,,,,,,,,,,,
317,岩石封锁,がんせきふうじ,Rock Tomb,岩石,物理,,60,,3,{{招式信息框/game,,y,y,,110,,120,,50在第三到第五世代,,,,,,,,,,,,,,,,,,,,,,,,,,,,,
318,银色旋风,ぎんいろのかぜ,Silver Wind,虫,特殊,5,60,100,3,{{招式信息框/game,,,,no,,y,,,,,,,,,,,,,,,,,,,,,,,,,,,,,,,,
319,金属音,きんぞくおん,Metal Sound,钢,变化,40,—,85,3,{{招式信息框/game,,y,y,,,,,,,,,,,,,,,,,,,,,,,,,,,,,,,,,,,
320,草笛,くさぶえ,Grass Whistle,草,变化,15,—,55,3,{{招式信息框/game,,,,no,,,,,,,,,,,,,,,,,,,,,,,,,,,,,,,,,,
321,挠痒,くすぐる,Tickle,一般,变化,20,—,100,3,{{招式信息框/game,,y,y,,,,,,,,,,,,,,,,,,,,,,,,,,,,,,,,,,,
322,宇宙力量,コスモパワー,Cosmic Power,超能力,变化,20,—,—,3,{{招式信息框/game,,y,y,,,,,,,,,,,,,,,,,,,,,,,,,,,,,,,,,,,
323,喷水,しおふき,Water Spout,水,特殊,5,150,100,3,{{招式信息框/game,,y,y,,,,,,,,,,,,,,,,,,,,,,,,,,,,,,,,,,,
324,信号光束,シグナルビーム,Signal Beam,虫,特殊,15,75,100,3,{{招式信息框/game,,,,no,,,,,,,,,,,,,,,,,,,,,,,,,,,,,,,,,,
325,暗影拳,シャドーパンチ,Shadow Punch,幽灵,物理,20,60,—,3,{{招式信息框/game,,y,y,,,,,,,,,,,,,,,,,,,,,,,,,,,,,,,,,,,
326,神通力,じんつうりき,Extrasensory,超能力,特殊,,80,100,3,{{招式信息框/game,,y,y,,,y,,,,,,,,,,,,,,,,,,,,,,,,,,,,,,,,
327,冲天拳,スカイアッパー,Sky Uppercut,格斗,物理,15,85,90,3,{{招式信息框/game,,,,no,,,,,,,,冲天拳 B2W2.gif,,,,,,,,,,,,,,,,,,,,,,,,,,
328,流沙地狱,すなじごく,Sand Tomb,地面,物理,15,35,,3,{{招式信息框/game,,y,y,,90,,100,,15在第三到第四世代,,,,,,,,,,,,,,,,,,,,,,,,,,,,,
329,绝对零度,ぜったいれいど,Sheer Cold,冰,特殊,5,变化,,3,{{招式信息框/game,,y,y,,130,,180,,,,,,,,,,,,,,,,,,,,,,,,,,,,,,,
330,浊流,だくりゅう,Muddy Water,水,特殊,10,90,85,3,{{招式信息框/game,,y,y,,130,,175,,95在第三到第五世代,,,,,,,,,,,,,,,,,,,,,,,,,,,,,
331,种子机关枪,タネマシンガン,Bullet Seed,草,物理,30,25,100,3,{{招式信息框/game,,y,y,,130,,140,,10在第三到第四世代,,,,,,,,,,,,,,,,,,,,,,,,,,,,,
332,燕返,つばめがえし,Aerial Ace,飞行,物理,20,60,—,3,{{招式信息框/game,,y,y,,,y,,,,,,燕返 B2W2.gif,,,,,,,,,,,,,,,,,,,,,,,,,,
333,冰锥,つららばり,Icicle Spear,冰,物理,30,25,100,3,{{招式信息框/game,,y,y,,130,,140,,10在第三到第四世代,,,,,,,,,,,,,,,,,,,,,,,,,,,,,
334,铁壁,てっぺき,Iron Defense,钢,变化,15,—,—,3,{{招式信息框/game,,y,y,,,y,,,,,,,,,,,,,,,,,,,,,,,,,,,,,,,,
335,挡路,とおせんぼう,Block,一般,变化,5,—,—,3,{{招式信息框/game,,y,y,,,,,,,,,,,,,,,,,,,,,,,,,,,,,,,,,,,
336,長嚎,とおぼえ,Howl,一般,变化,40,—,—,3,{{招式信息框/game,,y,y,,,,,,,,,,,,,,,,,,,,,,,,,,,,,,,,,,,
337,龙爪,ドラゴンクロー,Dragon Claw,龙,物理,15,80,100,3,{{招式信息框/game,,y,y,,,y,,,,,,,,,,,,,,,,,,,,,,,,,,,,,,,,
338,疯狂植物,ハードプラント,Frenzy Plant,草,特殊,5,150,90,3,{{招式信息框/game,,y,y,,,,,,,,,,,,,,,,,,,,,,,,,,,,,,,,,,,
339,健美,ビルドアップ,Bulk Up,格斗,变化,20,—,—,3,{{招式信息框/game,y,y,y,,,y,,,,,,,,,,,,,,,,,,,,,,,,,,,,,,,,
340,弹跳,とびはねる,Bounce,飞行,物理,5,85,85,3,{{招式信息框/game,,y,y,,,,,,,,,,,,,,,,,,,,,,,,,,,,,,,,,,,
341,泥巴射击,マッドショット,Mud Shot,地面,特殊,15,55,95,3,{{招式信息框/game,,y,y,,,,,,,,,,,,,,,,,,,,,,,,,,,,,,,,,,,
342,毒尾,ポイズンテール,Poison Tail,毒,物理,25,50,100,3,{{招式信息框/game,,y,y,,,,,,,,,,,,,,,,,,,,,,,,,,,,,,,,,,,
343,渴望,ほしがる,Covet,一般,物理,,60,100,3,{{招式信息框/game,,y,y,,110,,120,,40在第三到第四世代,,,,,,,,,,,,,,,,,,,,,,,,,,,,,
344,伏特攻击,ボルテッカー,Volt Tackle,电,物理,15,120,100,3,{{招式信息框/game,,y,y,,,y,,,,,,伏特攻击 B2W2.gif,皮卡皮卡必杀击,皮卡丘Ｚ,210,,,,,,,,,,,,,,,,,,,,,,,
345,魔法叶,マジカルリーフ,Magical Leaf,草,特殊,20,60,—,3,{{招式信息框/game,,y,y,,,y,,,,,,,,,,,,,,,,,,,,,,,,,,,,,,,,
346,玩水,みずあそび,Water Sport,水,变化,15,—,—,3,{{招式信息框/game,,,,no,,,,,,,,,,,,,,,,,,,,,,,,,,,,,,,,,,
347,冥想,めいそう,Calm Mind,超能力,变化,20,—,—,3,{{招式信息框/game,y,y,y,,,y,,,,,,,,,,,,,,,,,,,,,,,,,,,,,,,,
348,叶刃,リーフブレード,Leaf Blade,草,物理,15,90,100,3,{{招式信息框/game,,y,y,,130,y,175,,70在第三世代,,,,,,,,,,,,,,,,,,,,,,,,,,,,,
349,龙之舞,りゅうのまい,Dragon Dance,龙,变化,20,—,—,3,{{招式信息框/game,,y,y,,,,,,,,,,,,,,,,,,,,,,,,,,,,,,,,,,,
350,岩石爆击,ロックブラスト,Rock Blast,岩石,物理,10,25,,3,{{招式信息框/game,,y,y,,130,,140,,,,,,,,,,,,,,,,,,,,,,,,,,,,,,,
351,电击波,でんげきは,Shock Wave,电,特殊,20,60,—,3,{{招式信息框/game,,y,y,,,,,,,,,,,,,,,,,,,,,,,,,,,,,,,,,,,
352,水之波动,みずのはどう,Water Pulse,水,特殊,20,60,100,3,{{招式信息框/game,,y,y,,,y,,,,,,水之波动 B2W2.gif,,,,,,,,,,,,,,,,,,,,,,,,,,
353,破灭之愿,はめつのねがい,Doom Desire,钢,特殊,5,140,,3,{{招式信息框/game,,y,y,,140,,200,,120在第三到第四世代,,,,,,,,,,,,,,,,,,,,,,,,,,,,,
354,精神突进,サイコブースト,Psycho Boost,超能力,特殊,5,140,90,3,{{招式信息框/game,,,y,no,,,,,,,,精神突进 B2W2.gif,,,,,,,,,,,,,,,,,,,,,,,,,,
355,羽栖,はねやすめ,Roost,飞行,变化,10,—,—,4,{{招式信息框/game,y,y,y,,,y,,,,,,,,,,,,,,,,,,,,,,,,,,,,,,,,
356,重力,じゅうりょく,Gravity,超能力,变化,5,—,—,4,{{招式信息框/game,,y,y,,,,,,,,,,,,,,,,,,,,,,,,,,,,,,,,,,,
357,奇迹之眼,ミラクルアイ,Miracle Eye,超能力,变化,40,—,—,4,{{招式信息框/game,,,,no,,,,,,,,,,,,,,,,,,,,,,,,,,,,,,,,,,
358,唤醒巴掌,めざましビンタ,Wake-Up Slap,格斗,物理,10,70,100,4,{{招式信息框/game,,,,no,85,,140,,60在第四到第五世代,,,,,,,,,,,,,,,,,,,,,,,,,,,,,
359,臂錘,アームハンマー,Hammer Arm,格斗,物理,10,100,90,4,{{招式信息框/game,,y,y,,,,,,,,,,,,,,,,,,,,,,,,,,,,,,,,,,,
360,陀螺球,ジャイロボール,Gyro Ball,钢,物理,5,变化,100,4,{{招式信息框/game,,y,y,,130,,160,,,,,,,,,,,,,,,,,,,,,,,,,,,,,,,
361,治愈之愿,いやしのねがい,Healing Wish,超能力,变化,10,—,—,4,{{招式信息框/game,,y,y,,,,,,,,,,,,,,,,,,,,,,,,,,,,,,,,,,,
362,盐水,しおみず,Brine,水,特殊,10,65,100,4,{{招式信息框/game,,y,y,,,,,,,,,,,,,,,,,,,,,,,,,,,,,,,,,,,
363,自然之恩,しぜんのめぐみ,Natural Gift,一般,物理,15,变化,100,4,{{招式信息框/game,,,,no,,,160,,,,,,,,,,,,,,,,,,,,,,,,,,,,,,,
364,佯攻,フェイント,Feint,一般,物理,10,30,100,4,{{招式信息框/game,y,y,y,,90,,100,,50在第四世代,2,,,,,,,,,,,,,,,,,,,,,,,,,,,,
365,啄食,ついばむ,Pluck,飞行,物理,20,60,100,4,{{招式信息框/game,,y,y,,,,,,,,,,,,,,,,,,,,,,,,,,,,,,,,,,,
366,顺风,おいかぜ,Tailwind,飞行,变化,,—,—,4,{{招式信息框/game,,y,y,,,,,,,,,,,,,,,,,,,,,,,,,,,,,,,,,,,
367,点穴,つぼをつく,Acupressure,一般,变化,30,—,—,4,{{招式信息框/game,,y,y,,,,,,,,,,,,,,,,,,,,,,,,,,,,,,,,,,,
368,金属爆炸,メタルバースト,Metal Burst,钢,物理,10,变化,100,4,{{招式信息框/game,,y,y,,,,,,,,,,,,,,,,,,,,,,,,,,,,,,,,,,,
369,急速折返,とんぼがえり,U-turn,虫,物理,20,70,100,4,{{招式信息框/game,y,y,y,,,,,,,,,,,,,,,,,,,,,,,,,,,,,,,,,,,
370,近身战,インファイト,Close Combat,格斗,物理,5,120,100,4,{{招式信息框/game,,y,y,,,y,,,,,,近身战 B2W2.gif,,,,,,,,,,,,,,,,,,,,,,,,,,
371,以牙还牙,しっぺがえし,Payback,恶,物理,10,50,100,4,{{招式信息框/game,,y,y,,,,,,,,,,,,,,,,,,,,,,,,,,,,,,,,,,,
372,恶意追击,ダメおし,Assurance,恶,物理,10,60,100,4,{{招式信息框/game,,y,y,,110,,120,,第四到第五世代时为50,,,,,,,,,,,,,,,,,,,,,,,,,,,,,
373,查封,さしおさえ,Embargo,恶,变化,15,—,100,4,{{招式信息框/game,,,,no,,,,,,,,,,,,,,,,,,,,,,,,,,,,,,,,,,
374,投擲,なげつける,Fling,恶,物理,10,变化,100,4,{{招式信息框/game,,y,y,,,,,,,,,,,,,,,,,,,,,,,,,,,,,,,,,,,
375,精神转移,サイコシフト,Psycho Shift,超能力,变化,10,—,,4,{{招式信息框/game,,y,y,,,,,,,,,,,,,,,,,,,,,,,,,,,,,,,,,,,
376,王牌,きりふだ,Trump Card,一般,特殊,5,变化,—,4,{{招式信息框/game,,,,no,,,160,,,,,,,,,,,,,,,,,,,,,,,,,,,,,,,
377,回复封锁,かいふくふうじ,Heal Block,超能力,变化,15,—,100,4,{{招式信息框/game,,,,no,,,,,,,,,,,,,,,,,,,,,,,,,,,,,,,,,,
378,绞紧,しぼりとる,Wring Out,一般,特殊,5,变化,100,4,{{招式信息框/game,,,,no,,,190,,,,,,,,,,,,,,,,,,,,,,,,,,,,,,,
379,力量戏法,パワートリック,Power Trick,超能力,变化,10,—,—,4,{{招式信息框/game,,y,y,,,,,,,,,,,,,,,,,,,,,,,,,,,,,,,,,,,
380,胃液,いえき,Gastro Acid,毒,变化,10,—,100,4,{{招式信息框/game,,y,y,,,,,,,,,,,,,,,,,,,,,,,,,,,,,,,,,,,
381,幸运咒语,おまじない,Lucky Chant,一般,变化,30,—,—,4,{{招式信息框/game,,,,no,,,,,,,,,,,,,,,,,,,,,,,,,,,,,,,,,,
382,抢先一步,さきどり,Me First,一般,变化,20,—,—,4,{{招式信息框/game,,,,no,,,,,,,,,,,,,,,,,,,,,,,,,,,,,,,,,,
383,仿效,まねっこ,Copycat,一般,变化,20,—,—,4,{{招式信息框/game,,y,y,,,,,,,,,,,,,,,,,,,,,,,,,,,,,,,,,,,
384,力量互换,パワースワップ,Power Swap,超能力,变化,10,—,—,4,{{招式信息框/game,,y,y,,,,,,,,,,,,,,,,,,,,,,,,,,,,,,,,,,,
385,防守互換,ガードスワップ,Guard Swap,超能力,变化,10,—,—,4,{{招式信息框/game,,y,y,,,,,,,,,,,,,,,,,,,,,,,,,,,,,,,,,,,
386,懲罰,おしおき,Punishment,恶,物理,5,变化,100,4,{{招式信息框/game,,,,no,,,160,,,,,,,,,,,,,,,,,,,,,,,,,,,,,,,
387,珍藏,とっておき,Last Resort,一般,物理,5,140,100,4,{{招式信息框/game,,y,y,,140,,200,,在第四世代时为130,,,,九彩升华齐聚顶,伊布Ｚ,,,,,,,,,所有能力上升2阶级,,,,,,,,,,,,,,,
388,烦恼种子,なやみのタネ,Worry Seed,草,变化,10,—,100,4,{{招式信息框/game,,y,y,,,,,,,,,,,,,,,,,,,,,,,,,,,,,,,,,,,
389,突袭,ふいうち,Sucker Punch,恶,物理,5,70,100,4,{{招式信息框/game,y,y,y,,120,,140,,80在第四到第六世代,1,,,,,,,,,,,,,,,,,,,,,,,,,,,,
390,毒菱,どくびし,Toxic Spikes,毒,变化,20,—,—,4,{{招式信息框/game,,y,y,,,,,,,,,,,,,,,,,,,,,,,,,,,,,,,,,,,
391,心灵互换,ハートスワップ,Heart Swap,超能力,变化,10,—,—,4,{{招式信息框/game,,,y,no,,,,,,,,,,,,,,,,,,,,,,,,,,,,,,,,,,
392,水流环,アクアリング,Aqua Ring,水,变化,20,—,—,4,{{招式信息框/game,,y,y,,,,,,,,,,,,,,,,,,,,,,,,,,,,,,,,,,,
393,电磁飘浮,でんじふゆう,Magnet Rise,电,变化,10,—,—,4,{{招式信息框/game,,y,y,,,,,,,,,,,,,,,,,,,,,,,,,,,,,,,,,,,
394,闪焰冲锋,フレアドライブ,Flare Blitz,火,物理,15,120,100,4,{{招式信息框/game,y,y,y,,,y,,,,,,闪焰冲锋 B2W2.gif,,,,,,,,,,,,,,,,,,,,,,,,,,
395,发劲,はっけい,Force Palm,格斗,物理,10,60,100,4,{{招式信息框/game,,y,y,,,,,,,,,,,,,,,,,,,,,,,,,,,,,,,,,,,
396,波导弹,はどうだん,Aura Sphere,格斗,特殊,20,80,—,4,{{招式信息框/game,,y,y,,90,y,160,,90在第四到第五世代,,,,,,,,,,,,,波动弹,,,,,,,,,,,,,,,,
397,岩石打磨,ロックカット,Rock Polish,岩石,变化,20,—,—,4,{{招式信息框/game,,y,y,,,,,,,,,,,,,,,,,,,,,,,,,,,,,,,,,,,
398,毒击,どくづき,Poison Jab,毒,物理,20,80,100,4,{{招式信息框/game,y,y,y,,,y,,,,,,,,,,,,,,,,,,,,,,,,,,,,,,,,
399,恶之波动,あくのはどう,Dark Pulse,恶,特殊,15,80,100,4,{{招式信息框/game,y,y,y,,,y,,,,,,,,,,,,,,,,,,释放可怕的黑暗波动，一定几率使目标畏缩。,,,,,,,,,,,,,,
400,暗袭要害,つじぎり,Night Slash,恶,物理,15,70,100,4,{{招式信息框/game,,y,y,,,y,,,,,,,,,,,,,,,,,,,,,,,,,,,,,,,,
401,水流尾,アクアテール,Aqua Tail,水,物理,10,90,90,4,{{招式信息框/game,,y,y,,,y,,,,,,,,,,,,,,,,,,,,,,,,,,,,,,,,
402,种子炸弹,タネばくだん,Seed Bomb,草,物理,15,80,100,4,{{招式信息框/game,,y,y,,,,,,,,,,,,,,,,,,,,,,,,,,,,,,,,,,,
403,空气斩,エアスラッシュ,Air Slash,飞行,特殊,,75,95,4,{{招式信息框/game,y,y,y,,,y,,,,,,,,,,,,,,,,,,,,,,,,,,,,,,,,
404,十字剪,シザークロス,X-Scissor,虫,物理,15,80,100,4,{{招式信息框/game,y,y,y,,,y,,,,,,,,,,,,,,,,,,,,,,,,,,,,,,,,
405,虫鸣,むしのさざめき,Bug Buzz,虫,特殊,10,90,100,4,{{招式信息框/game,y,y,y,,,y,,,,,,,,,,,,,,,,,,,,,,,,,,,,,,,,
406,龙之波动,りゅうのはどう,Dragon Pulse,龙,特殊,10,85,100,4,{{招式信息框/game,y,y,y,,130,y,160,,90在第四到第五世代,,,,,,,,,,,,,,,,,,,,,,,,,,,,,
407,龙之俯冲,ドラゴンダイブ,Dragon Rush,龙,物理,10,100,75,4,{{招式信息框/game,,y,y,,,,,,,,,,,,,,,,,,,,,,,,,,,,,,,,,,,
408,力量宝石,パワージェム,Power Gem,岩石,特殊,20,80,100,4,{{招式信息框/game,,y,y,,130,y,160,,在第四到第五世代是70,,,,,,,,,,,,,,,,,,,,,,,,,,,,,
409,吸取拳,ドレインパンチ,Drain Punch,格斗,物理,,75,100,4,{{招式信息框/game,,y,y,,90,y,140,,60在第四世代,,,,,,,,,,,,,,,吸取能量的拳击，给目标造成的伤害的一半会回复到自身HP。,,,,,,,,,,,,,,
410,真空波,しんくうは,Vacuum Wave,格斗,特殊,30,40,100,4,{{招式信息框/game,,y,y,,,,,,,1,,,,,,,,,,,,,,,,,,,,,,,,,,,,
411,真气弹,きあいだま,Focus Blast,格斗,特殊,5,120,70,4,{{招式信息框/game,,y,y,,,,,,,,,,,,,,,,,,,,,,,,,,,,,,,,,,,
412,能量球,エナジーボール,Energy Ball,草,特殊,10,90,100,4,{{招式信息框/game,,y,y,,130,y,175,,80在第四到第五世代,,,,,,,,,,,,,,,,,,,,,,,,,,,,,
413,勇鸟猛攻,ブレイブバード,Brave Bird,飞行,物理,15,120,100,4,{{招式信息框/game,,y,y,,,y,,,,,,,,,,,,,,,,,,,,,,,,,,,,,,,,
414,大地之力,だいちのちから,Earth Power,地面,特殊,10,90,100,4,{{招式信息框/game,,y,y,,,y,,,,,,,,,,,,,,,,,,,,,,,,,,,,,,,,
415,掉包,すりかえ,Switcheroo,恶,变化,10,—,100,4,{{招式信息框/game,,y,y,,,,,,,,,,,,,,,,,,,,,,,,,,,,,,,,,,,
416,終極衝擊,ギガインパクト,Giga Impact,一般,物理,5,150,90,4,{{招式信息框/game,,y,y,,,y,,,,,,终极冲击 B2W2.gif,认真起来大爆击,卡比兽Ｚ,210,,,,,,,,,,,,,,,,,,,,,,,
417,诡计,わるだくみ,Nasty Plot,恶,变化,20,—,—,4,{{招式信息框/game,y,y,y,,,y,,,,,,,,,,,,,,,,,,,,,,,,,,,,,,,,
418,子弹拳,バレットパンチ,Bullet Punch,钢,物理,30,40,100,4,{{招式信息框/game,,y,y,,,y,,,,1,,,,,,,,,,,,,,,,,,,,,,,,,,,,
419,雪崩,ゆきなだれ,Avalanche,冰,物理,10,60,100,4,{{招式信息框/game,,y,y,,,,,,,-4,,,,,,,,,,,,,,,,,,,,,,,,,,,,
420,冰礫,こおりのつぶて,Ice Shard,冰,物理,30,40,100,4,{{招式信息框/game,y,y,y,,,y,,,,1,,,,,,,,,,,,,,,,,,,,,,,,,,,,
421,暗影爪,シャドークロー,Shadow Claw,幽灵,物理,15,70,100,4,{{招式信息框/game,,y,y,,,y,,,,,,,,,,,,,,,,,,,,,,,,,,,,,,,,
422,雷电牙,かみなりのキバ,Thunder Fang,电,物理,15,65,95,4,{{招式信息框/game,,y,y,,,y,,,,,,,,,,,,,,,,,,,,,,,,,,,,,,,,
423,冰冻牙,こおりのキバ,Ice Fang,冰,物理,15,65,95,4,{{招式信息框/game,,y,y,,,y,,,,,,,,,,,,,,,,,,,,,,,,,,,,,,,,
424,火焰牙,ほのおのキバ,Fire Fang,火,物理,15,65,95,4,{{招式信息框/game,,y,y,,,y,,,,,,,,,,,,,,,,,,,,,,,,,,,,,,,,
425,影子偷袭,かげうち,Shadow Sneak,幽灵,物理,30,40,100,4,{{招式信息框/game,,y,y,,,y,,,,1,,,,,,,,,,,,,,,,,,,,,,,,,,,,
426,泥巴炸弹,どろばくだん,Mud Bomb,地面,特殊,10,65,85,4,{{招式信息框/game,,,,no,,y,,,,,,,,,,,,,,,,,,用坚硬的泥浆球来攻击对手，一定几率降低目标命中率。,,,,,,,,,,,,,,
427,精神利刃,サイコカッター,Psycho Cut,超能力,物理,20,70,100,4,{{招式信息框/game,,y,y,,,y,,,,,,,,,,,,,,,,,,,,,,,,,,,,,,,,
428,意念头锤,しねんのずつき,Zen Headbutt,超能力,物理,15,80,90,4,{{招式信息框/game,,y,y,,,y,,,,,,,,,,,,,,,,,,,,,,,,,,,,,,,,
429,镜光射击,ミラーショット,Mirror Shot,钢,特殊,10,65,85,4,{{招式信息框/game,,,,no,,,,,,,,,,,,,,,,,,,,,,,,,,,,,,,,,,
430,加农光炮,ラスターカノン,Flash Cannon,钢,特殊,10,80,100,4,{{招式信息框/game,y,y,y,,,y,,,,,,,,,,,,,,,,,,,,,,,,,,,,,,,,
431,攀岩,ロッククライム,Rock Climb,一般,物理,20,90,85,4,{{招式信息框/game,,,y,no,,,,,,,,,,,,,,,,,,,,冲向对手攻击，一定几率使对手混乱。也可用来攀岩。,,,,,,,,,,,,,,
432,清除浓雾,きりばらい,Defog,飞行,变化,15,—,—,4,{{招式信息框/game,,y,y,,,,,,,,,,,,,,,,,,,,,,霧氣打散,,,,,,,,,,,,,
433,戏法空间,トリックルーム,Trick Room,超能力,变化,5,—,—,4,{{招式信息框/game,,y,y,,,,,,,-7,,,,,,,,,,,,,,,,,,,,,,,,,,,,
434,流星群,りゅうせいぐん,Draco Meteor,龙,特殊,5,130,90,4,{{招式信息框/game,,y,y,,140,y,195,,140在第四到第五世代,,,,,,,,,,,,,,,,,,,,,,,,,,,,,
435,放电,ほうでん,Discharge,电,特殊,15,80,100,4,{{招式信息框/game,,y,y,,,,,,,,,,,,,,,,,,,,,,,,,,,,,,,,,,,
436,喷烟,ふんえん,Lava Plume,火,特殊,15,80,100,4,{{招式信息框/game,,y,y,,,,,,,,,,,,,,,,,,,,,,,,,,,,,,,,,,,
437,飞叶风暴,リーフストーム,Leaf Storm,草,特殊,5,130,90,4,{{招式信息框/game,,y,y,,140,y,195,,140在第四到第五世代,,,,,,,,,,,,,,,,,,,,,,,,,,,,,
438,强力鞭打,パワーウィップ,Power Whip,草,物理,10,120,85,4,{{招式信息框/game,y,y,y,,,,,,,,,强力鞭打 B2W2.gif,,,,,,,,,,,,,,,,,,,,,,,,,,
439,岩石炮,がんせきほう,Rock Wrecker,岩石,物理,5,150,90,4,{{招式信息框/game,,y,y,,,,,,,,,,,,,,,,,,,,,,,,,,,,,,,,,,,
440,十字毒刃,クロスポイズン,Cross Poison,毒,物理,20,70,100,4,{{招式信息框/game,,y,y,,,y,,,,,,,,,,,,,,,,,,,,,,,,,,,,,,,,
441,垃圾射击,ダストシュート,Gunk Shot,毒,物理,5,120,,4,{{招式信息框/game,,y,y,,,,,,,,,,,,,,,,,,,,,,,,,,,,,,,,,,,
442,铁头,アイアンヘッド,Iron Head,钢,物理,15,80,100,4,{{招式信息框/game,,y,y,,,y,,,,,,,,,,,,,,,,,,,,,,,,,,,,,,,,
443,磁铁炸弹,マグネットボム,Magnet Bomb,钢,物理,20,60,—,4,{{招式信息框/game,,,,no,,,,,,,,,,,,,,,,,,,,,,,,,,,,,,,,,,
444,尖石攻击,ストーンエッジ,Stone Edge,岩石,物理,5,100,80,4,{{招式信息框/game,,y,y,,,y,,,,,,,狼啸石牙飓风暴,鬃岩狼人Ｚ,190,,,,,,,,,,,,,,,,,,,,,,,
445,诱惑,ゆうわく,Captivate,一般,变化,20,—,100,4,{{招式信息框/game,,,,no,,,,,,,,,,,,,,,,,,,,,,,,,,,,,,,,,,
446,隐形岩,ステルスロック,Stealth Rock,岩石,变化,20,—,—,4,{{招式信息框/game,y,y,y,,,y,,,,,,,,,,,,,,,,,,,,,,,,,,,,,,,,
447,打草结,くさむすび,Grass Knot,草,特殊,20,变化,100,4,{{招式信息框/game,,y,y,,130,,160,,,,,,,,,,,,,,,,,,,,,,,,,,,,,,,
448,喋喋不休,おしゃべり,Chatter,飞行,特殊,20,65,100,4,{{招式信息框/game,,y,y,,120,,120,,60在第四到第五世代,,,,,,,,,,,,,,,,,,,,,,,,,,,,,
449,制裁光砾,さばきのつぶて,Judgment,一般,特殊,5,100,100,4,{{招式信息框/game,,y,y,,,y,,,,,,,,,,,,,,,,,,,,,,,,,,,,,,,,
450,虫咬,むしくい,Bug Bite,虫,物理,20,60,100,4,{{招式信息框/game,,y,y,,,,,,,,,,,,,,,,,,,,,,,,,,,,,,,,,,,
451,充电光束,チャージビーム,Charge Beam,电,特殊,10,50,90,4,{{招式信息框/game,,y,y,,,y,,,,,,,,,,,,,,,,,,,,,,,,,,,,,,,,
452,木槌,ウッドハンマー,Wood Hammer,草,物理,15,120,100,4,{{招式信息框/game,,y,y,,,y,,,,,,,,,,,,,,,,,,,,,,,,,,,,,,,,
453,水流噴射,アクアジェット,Aqua Jet,水,物理,20,40,100,4,{{招式信息框/game,y,y,y,,,y,,,,1,,,,,,,,,,,,,,,,,,,,,,,,,,,,
454,攻击指令,こうげきしれい,Attack Order,虫,物理,15,90,100,4,{{招式信息框/game,,y,y,,,,,,,,,,,,,,,,,,,,,,,,,,,,,,,,,,,
455,防御指令,ぼうぎょしれい,Defend Order,虫,变化,10,—,—,4,{{招式信息框/game,,y,y,,,,,,,,,,,,,,,,,,,,,,,,,,,,,,,,,,,
456,回复指令,かいふくしれい,Heal Order,虫,变化,10,—,—,4,{{招式信息框/game,,,,no,,,,,,,,,,,,,,,,,,,,,,,,,,,,,,,,,,
457,双刃头锤,もろはのずつき,Head Smash,岩石,物理,5,150,80,4,{{招式信息框/game,,y,y,,,y,,,,,,,,,,,,,,,,,,,,,,,,,,,,,,,,
458,二连击,ダブルアタック,Double Hit,一般,物理,10,35,90,4,{{招式信息框/game,,y,y,,120,y,140,,,,,,,,,,,,,,,,,,,,,,,,,,,,,,,
459,时光咆哮,ときのほうこう,Roar of Time,龙,特殊,5,150,90&nbsp;75<small>（起源形态）</small>,4,{{招式信息框/game,,y,y,,,y,,,,,,,,,,,,,,,,,,,,,,,,,,,,,,,,
460,亚空裂斩,あくうせつだん,Spacial Rend,龙,特殊,5,100,95&nbsp;85<small>（起源形态）</small>,4,{{招式信息框/game,,y,y,,,y,,,,,,亚空裂斩 B2W2.gif,,,,,,,,,,,,,,,,,,,,,,,,,,
461,新月舞,みかづきのまい,Lunar Dance,超能力,变化,10,—,—,4,{{招式信息框/game,,y,y,,,,,,,,,,,,,,,,,,,,,,,,,,,,,,,,,,,
462,捏碎,にぎりつぶす,Crush Grip,一般,物理,5,变化,100,4,{{招式信息框/game,,y,y,,140,y,190,,,,,,,,,,,,,,,,,,,,,,,,,,,,,,,
463,熔岩风暴,マグマストーム,Magma Storm,火,特殊,5,100,75,4,{{招式信息框/game,,y,y,,,y,,,,,,,,,,,,,,,,,,,,,,,,,,,,,,,,
464,暗黑洞,ダークホール,Dark Void,恶,变化,10,—,,4,{{招式信息框/game,,y,y,,,y,,,,,,,,,,,,,,,,,,,,,,,,,,,,,,,,
465,种子闪光,シードフレア,Seed Flare,草,特殊,5,120,85,4,{{招式信息框/game,,y,y,,,y,,,,,,,,,,,,,,,,,,,,,,,,,,,,,,,,
466,奇异之风,あやしいかぜ,Ominous Wind,幽灵,特殊,5,60,100,4,{{招式信息框/game,,,,no,,y,,,,,,,,,,,,,,,,,,,,,,,,,,,,,,,,
467,暗影潜袭,シャドーダイブ,Shadow Force,幽灵,物理,5,120,100,4,{{招式信息框/game,,y,y,,,y,,,,,,,,,,,,,,,,,,,,,,,,,,,,,,,,
468,磨爪,つめとぎ,Hone Claws,恶,变化,15,—,—,5,{{招式信息框/game,,y,y,,,,,,,,,,,,,,,,,,,,,,,,,,,,,,,,,,,
469,广域防守,ワイドガード,Wide Guard,岩石,变化,10,—,—,5,{{招式信息框/game,,y,y,,,,,,,3,,,,,,,,,,,,,,,,,,,,,,,,,,,,
470,防守平分,ガードシェア,Guard Split,超能力,变化,10,—,—,5,{{招式信息框/game,,y,y,,,,,,,,,,,,,,,,,,,,,,,,,,,,,,,,,,,
471,力量平分,パワーシェア,Power Split,超能力,变化,10,—,—,5,{{招式信息框/game,,y,y,,,,,,,,,,,,,,,,,,,,,,,,,,,,,,,,,,,
472,奇妙空间,ワンダールーム,Wonder Room,超能力,变化,10,—,—,5,{{招式信息框/game,,y,y,,,,,,,,,,,,,,,,,,,,,,,,,,,,,,,,,,,
473,精神衝擊,サイコショック,Psyshock,超能力,特殊,10,80,100,5,{{招式信息框/game,,y,y,,,,,,,,,,,,,,,,,,,,,,,,,,,,,,,,,,,
474,毒液衝擊,ベノムショック,Venoshock,毒,特殊,10,65,100,5,{{招式信息框/game,,y,y,,,y,,,,,,,,,,,,,,,,,,,,,,,,,,,,,,,,
475,身体轻量化,ボディパージ,Autotomize,钢,变化,15,—,—,5,{{招式信息框/game,,y,y,,,,,,,,,,,,,,,,,,,,,,,,,,,,,,,,,,,
476,憤怒粉,いかりのこな,Rage Powder,虫,变化,20,—,—,5,{{招式信息框/game,,y,y,,,,,,,,,,,,,,,,,,,,,,,,,,,,,,,,,,,
477,意念移物,テレキネシス,Telekinesis,超能力,变化,15,—,—,5,{{招式信息框/game,,,,no,,,,,,,,,,,,,,,,,,,,,,,,,,,,,,,,,,
478,魔法空間,マジックルーム,Magic Room,超能力,变化,10,—,—,5,{{招式信息框/game,,y,y,,,,,,,,,,,,,,,,,,,,,,,,,,,,,,,,,,,
479,击落,うちおとす,Smack Down,岩石,物理,15,50,100,5,{{招式信息框/game,,y,y,,,,,,,,,,,,,,,,,,,,,,,,,,,,,,,,,,,
480,山岚摔,やまあらし,Storm Throw,格斗,物理,10,60,100,5,{{招式信息框/game,,y,y,,80,,120,,40在第五世代,,,,,,,,,,,,,,,,,,,,,,,,,,,,,
481,烈焰溅射,はじけるほのお,Flame Burst,火,特殊,15,70,100,5,{{招式信息框/game,,,,no,,,,,,,,,,,,,,,,,,,,,,,,,,,,,,,,,,
482,污泥波,ヘドロウェーブ,Sludge Wave,毒,特殊,10,95,100,5,{{招式信息框/game,,y,y,,,,,,,,,,,,,,,,,,,,,,,,,,,,,,,,,,,
483,蝶舞,ちょうのまい,Quiver Dance,虫,变化,20,—,—,5,{{招式信息框/game,y,y,y,,,,,,,,,,,,,,,,,,,,,,,,,,,,,,,,,,,
484,重磅冲撞,ヘビーボンバー,Heavy Slam,钢,物理,10,变化,100,5,{{招式信息框/game,y,y,y,,130,,160,,,,,,,,,,,,,,,,,用沉重的身体来压制对方。体重比对方越重，威力也会随之增大。,,,,,,,,,,,,,,
485,同步干擾,シンクロノイズ,Synchronoise,超能力,特殊,,120,100,5,{{招式信息框/game,,,,no,140,,190,,70在第五世代,,,,,,,,,,,,,,,,,,,,,,,,,,,,,
486,电球,エレキボール,Electro Ball,电,特殊,10,变化,100,5,{{招式信息框/game,,y,y,,130,,160,,,,,,,,,,,,,,,,,,,,,,,,,,,,,,,
487,浸水,みずびたし,Soak,水,变化,20,—,100,5,{{招式信息框/game,,y,y,,,,,,,,,,,,,,,,,,,,,,,,,,,,,,,,,,,
488,蓄能焰襲,ニトロチャージ,Flame Charge,火,物理,20,50,100,5,{{招式信息框/game,,y,y,,,,,,,,,,,,,,,,,,,,,,,,,,,,,,,,,,,
489,盤蜷,とぐろをまく,Coil,毒,变化,20,—,—,5,{{招式信息框/game,,y,y,,,,,,,,,,,,,,,,,,,,,,,,,,,,,,,,,,,
490,下盘踢,ローキック,Low Sweep,格斗,物理,20,65,100,5,{{招式信息框/game,,y,y,,85,,120,,60在第五世代,,,,,,,,,,,,,,,,,,,,,,,,,,,,,
491,酸液炸弹,アシッドボム,Acid Spray,毒,特殊,20,40,100,5,{{招式信息框/game,,y,y,,,y,,,,,,,,,,,,,,,,,,,,,,,,,,,,,,,,
492,欺詐,イカサマ,Foul Play,恶,物理,15,95,100,5,{{招式信息框/game,y,y,y,,,,,,,,,,,,,,,,,,,,,,,,,,,,,,,,,,,
493,单纯光束,シンプルビーム,Simple Beam,一般,变化,15,—,100,5,{{招式信息框/game,,y,y,,,,,,,,,,,,,,,,,,,,,,,,,,,,,,,,,,,
494,找伙伴,なかまづくり,Entrainment,一般,变化,15,—,100,5,{{招式信息框/game,,y,y,,,,,,,,,,,,,,,,,,,,,,,,,,,,,,,,,,,
495,您先請,おさきにどうぞ,After You,一般,变化,15,—,—,5,{{招式信息框/game,,y,y,,,,,,,,,,,,,,,,,,,,,,,,,,,,,,,,,,,
496,轮唱,りんしょう,Round,一般,特殊,15,60,100,5,{{招式信息框/game,,y,y,,,,,,,,,,,,,,,,,,,,,,,,,,,,,,,,,,,
497,回声,エコーボイス,Echoed Voice,一般,特殊,15,40,100,5,{{招式信息框/game,,y,y,,,,,,,,,,,,,,,,,,,,,,,,,,,,,,,,,,,
498,逐步击破,なしくずし,Chip Away,一般,物理,20,70,100,5,{{招式信息框/game,,,,no,,,,,,,,,,,,,,,,,,,,,,,,,,,,,,,,,,
499,清除之煙,クリアスモッグ,Clear Smog,毒,特殊,15,50,—,5,{{招式信息框/game,y,y,y,,,,,,,,,,,,,,,,,,,,,,,,,,,,,,,,,,,
500,辅助力量,アシストパワー,Stored Power,超能力,特殊,10,20,100,5,{{招式信息框/game,,y,y,,130,,160,,,,,,,,,,,,,,,,,,,,,,,,,,,,,,,
501,快速防守,ファストガード,Quick Guard,格斗,变化,15,—,—,5,{{招式信息框/game,,y,y,,,,,,,3,,,,,,,,,,,,,,,,,,,,,,,,,,,,
502,交换场地,サイドチェンジ,Ally Switch,超能力,变化,15,—,—,5,{{招式信息框/game,,y,y,,,,,,,,,,,,,,,,,,,,,,,,,,,,,,,,,,,
503,熱水,ねっとう,Scald,水,特殊,15,80,100,5,{{招式信息框/game,y,y,y,,,,,,,,,,,,,,,,,,,,,,,,,,,,,,,,,,,
504,破殼,からをやぶる,Shell Smash,一般,变化,15,—,—,5,{{招式信息框/game,y,y,y,,,,,,,,,,,,,,,,,,,,,,,,,,,,,,,,,,,
505,治愈波动,いやしのはどう,Heal Pulse,超能力,变化,10,—,—,5,{{招式信息框/game,,y,y,,,,,,,,,,,,,,,,,,,,,,,,,,,,,,,,,,,
506,禍不單行,たたりめ,Hex,幽灵,特殊,10,65,100,5,{{招式信息框/game,,y,y,,120,y,160,,50在第五世代,,,,,,,,,,,,,,,,,,,,,,,,,,,,,
507,自由落体,フリーフォール,Sky Drop,飞行,物理,10,60,100,5,{{招式信息框/game,,,,no,,,,,,,,,,,,,,,,,,,,第1回合抓起对手飞起第2回合丢下来攻击。当回合对手不能行动。,,,,,,,,,,,,,,
508,換檔,ギアチェンジ,Shift Gear,钢,变化,10,—,—,5,{{招式信息框/game,,y,,,,,,,,,,,,,,,,,,,,,,,,,,,,,,,,,,,,
509,巴投,ともえなげ,Circle Throw,格斗,物理,10,60,90,5,{{招式信息框/game,,y,y,,,,,,,-6,,,,,,,,,,,,,,,,,,,,,,,,,,,,
510,烧尽,やきつくす,Incinerate,火,特殊,15,60,100,5,{{招式信息框/game,,y,y,,110,,120,,第五世代为30,,,,,,,,,,,,,,,,,,,,,,,,,,,,,
511,延後,さきおくり,Quash,恶,变化,15,—,100,5,{{招式信息框/game,,y,y,,,,,,,,,,,,,,,,,,,,,,,,,,,,,,,,,,,
512,雜技,アクロバット,Acrobatics,飞行,物理,15,55,100,5,{{招式信息框/game,,y,y,,,,,,,,,,,,,,,,,,,,,,,,,,,,,,,,,,,
513,鏡面屬性,ミラータイプ,Reflect Type,一般,变化,15,—,—,5,{{招式信息框/game,,y,y,,,,,,,,,,,,,,,,,,,,,,,,,,,,,,,,,,,
514,報仇,かたきうち,Retaliate,一般,物理,5,70,100,5,{{招式信息框/game,,y,y,,,,,,,,,,,,,,,,,,,,,,,,,,,,,,,,,,,
515,搏命,いのちがけ,Final Gambit,格斗,特殊,5,变化,100,5,{{招式信息框/game,,y,y,,100,,180,,,,,,,,,,,,,,,,,,,,,,,,,,,,,,,
516,传递礼物,ギフトパス,Bestow,一般,变化,15,—,—,5,{{招式信息框/game,,,,no,,,,,,,,,,,,,,,,,,,,,,,,,,,,,,,,,,
517,炼狱,れんごく,Inferno,火,特殊,5,100,50,5,{{招式信息框/game,,y,y,,,,,,,,,炼狱 B2W2.gif,,,,,,,,,,,,,,,,,,,,,,,,,,
518,水之誓约,みずのちかい,Water Pledge,水,特殊,10,80,100,5,{{招式信息框/game,,y,,,130,,160,,,,,,,,,,,,,,,,,,,,,,,,,,,,,,,
519,火之誓約,ほのおのちかい,Fire Pledge,火,特殊,10,80,100,5,{{招式信息框/game,,y,,,130,,160,,,,,,,,,,,,,,,,,,,,,,,,,,,,,,,
520,草之誓约,くさのちかい,Grass Pledge,草,特殊,10,80,100,5,{{招式信息框/game,,y,,,130,,160,,,,,,,,,,,,,,,,,,,,,,,,,,,,,,,
521,伏特替換,ボルトチェンジ,Volt Switch,电,特殊,20,70,100,5,{{招式信息框/game,,y,y,,,,,,,,,,,,,,,,,,,,,,,,,,,,,,,,,,,
522,虫之抵抗,むしのていこう,Struggle Bug,虫,特殊,20,50,100,5,{{招式信息框/game,,y,y,,100,y,100,,30在第五世代,,,,,,,,,,,,,,,,,,,,,,,,,,,,,
523,重踏,じならし,Bulldoze,地面,物理,20,60,100,5,{{招式信息框/game,,y,y,,,y,,,,,,,,,,,,,,,,,,,,,,,,,,,,,,,,
524,冰息,こおりのいぶき,Frost Breath,冰,特殊,10,60,90,5,{{招式信息框/game,,y,y,,110,,120,,40在第五世代,,,,,,,,,,,,,,,,,,,,,,,,,,,,,
525,龙尾,ドラゴンテール,Dragon Tail,龙,物理,10,60,90,5,{{招式信息框/game,y,y,y,,,,,,,-6,,,,,,,,,,,,,,,,,,,,,,,,,,,,
526,自我激勵,ふるいたてる,Work Up,一般,变化,30,—,—,5,{{招式信息框/game,,y,y,,,,,,,,,,,,,,,,,,,,,,,,,,,,,,,,,,,
527,电网,エレキネット,Electroweb,电,特殊,15,55,95,5,{{招式信息框/game,,y,,,,,,,,,,,,,,,,,,,,,,,,,,,,,,,,,,,,
528,瘋狂伏特,ワイルドボルト,Wild Charge,电,物理,15,90,100,5,{{招式信息框/game,,y,y,,,y,,,,,,,,,,,,,,,,,,,,,,,,,,,,,,,,
529,直衝鑽,ドリルライナー,Drill Run,地面,物理,10,80,95,5,{{招式信息框/game,y,y,y,,,,,,,,,,,,,,,,,,,,,,,,,,,,,,,,,,,
530,二連劈,ダブルチョップ,Dual Chop,龙,物理,15,40,90,5,{{招式信息框/game,,y,y,,130,,,,,,,,,,,,,,,,,,,,,,,,,,,,,,,,,
531,愛心印章,ハートスタンプ,Heart Stamp,超能力,物理,25,60,100,5,{{招式信息框/game,,,,no,,,,,,,,,,,,,,,,,,,,,,,,,,,,,,,,,,
532,木角,ウッドホーン,Horn Leech,草,物理,10,75,100,5,{{招式信息框/game,,y,,,,,,,,,,,,,,,,,,,,,,,,,,,,,,,,,,,,
533,聖劍,せいなるつるぎ,Sacred Sword,格斗,物理,,90,100,5,{{招式信息框/game,,y,,,,,,,,,,,,,,,,,,,,,,,,,,,,,,,,,,,,
534,贝壳刃,シェルブレード,Razor Shell,水,物理,10,75,95,5,{{招式信息框/game,,y,y,,,,,,,,,,,,,,,,,,,,,,,,,,,,,,,,,,,
535,高溫重壓,ヒートスタンプ,Heat Crash,火,物理,10,变化,100,5,{{招式信息框/game,,y,,,130,,160,,,,,,,,,,,,,,,,,,,,,,,,,,,,,,,
536,青草搅拌器,グラスミキサー,Leaf Tornado,草,特殊,10,65,90,5,{{招式信息框/game,,y,y,,,,,,,,,,,,,,,,,,,,,,,,,,,,,,,,,,,
537,瘋狂滾壓,ハードローラー,Steamroller,虫,物理,20,65,100,5,{{招式信息框/game,,,,no,,,,,,,,,,,,,,,,,,,,,,,,,,,,,,,,,,
538,棉花防守,コットンガード,Cotton Guard,草,变化,10,—,—,5,{{招式信息框/game,,y,y,,,,,,,,,,,,,,,,,,,,,,,,,,,,,,,,,,,
539,暗黑爆破,ナイトバースト,Night Daze,恶,特殊,10,85,95,5,{{招式信息框/game,,y,,,,,,,,,,,,,,,,,,,,,,,,,,,,,,,,,,,,
540,精神击破,サイコブレイク,Psystrike,超能力,特殊,10,100,100,5,{{招式信息框/game,,y,y,,,,,,,,,精神击破 B2W2.gif,,,,,,,,,,,,,,,,,,,,,,,,,,
541,掃尾拍打,スイープビンタ,Tail Slap,一般,物理,10,25,85,5,{{招式信息框/game,,y,,,130,,140,,,,,,,,,,,,,,,,,,,,,,,,,,,,,,,
542,暴风,ぼうふう,Hurricane,飞行,特殊,10,110,70,5,{{招式信息框/game,,y,y,,140,y,185,,120在第五世代,,,,,,,,,,,,,,,,,,,,,,,,,,,,,
543,爆炸頭突擊,アフロブレイク,Head Charge,一般,物理,15,120,100,5,{{招式信息框/game,,y,,,,,,,,,,爆炸头突击 B2W2.gif,,,,,,,,,,,,,,,,,,,,,,,,,,
544,齿轮飞盘,ギアソーサー,Gear Grind,钢,物理,15,50,85,5,{{招式信息框/game,,y,,,130,,180,,,,,,,,,,,,,,,,,,,,,,,,,,,,,,,
545,火焰弹,かえんだん,Searing Shot,火,特殊,5,100,100,5,{{招式信息框/game,,y,,,,,,,,,,火焰弹 B2W2.gif,,,,,,,,,,,,,,,,,,,,,,,,,,
546,高科技光炮,テクノバスター,Techno Blast,一般,特殊,5,120,100,5,{{招式信息框/game,,y,,,140,,190,,85在第五世代,,,,,,,,,,,,,,,,,,,,,,,,,,,,,
547,古老之歌,いにしえのうた,Relic Song,一般,特殊,10,75,100,5,{{招式信息框/game,,y,,,,,,,,,,,,,,,,,,,,,,,,,,,,,,,,,,,,
548,神秘之剑,しんぴのつるぎ,Secret Sword,格斗,特殊,10,85,100,5,{{招式信息框/game,,y,,,,,,,,,,,,,,,,,,,,,,,,,,,,,,,,,,,,
549,冰封世界,こごえるせかい,Glaciate,冰,特殊,10,65,95,5,{{招式信息框/game,,y,,,,,,,,,,冰封世界 USUM.png,,,,,,,,,,,,,,,,,,,,,,,,,,
550,雷击,らいげき,Bolt Strike,电,物理,5,130,85,5,{{招式信息框/game,,y,,,,,,,,,,雷击 B2W2.gif,,,,,,,,,,,,,,,,,,,,,,,,,,
551,青焰,あおいほのお,Blue Flare,火,特殊,5,130,85,5,{{招式信息框/game,,y,,,,,,,,,,青焰 B2W2.gif,,,,,,,,,,,,,,,,,,,,,,,,,,
552,火之舞,ほのおのまい,Fiery Dance,火,特殊,10,80,100,5,{{招式信息框/game,,y,,,,,,,,,,,,,,,,,,,,,,,,,,,,,,,,,,,,
553,冰冻伏特,フリーズボルト,Freeze Shock,冰,物理,5,140,90,5,{{招式信息框/game,,y,,,,,,,,,,冰冻伏特 B2W2.gif,,,,,,,,,,,,,,,,,,,,,,,,,,
554,極寒冷焰,コールドフレア,Ice Burn,冰,特殊,5,140,90,5,{{招式信息框/game,,y,,,,,,,,,,极寒冷焰 B2W2.gif,,,,,,,,,,,,,,,,,,,,,,,,,,
555,大聲咆哮,バークアウト,Snarl,恶,特殊,15,55,95,5,{{招式信息框/game,,y,y,,,y,,,,,,,,,,,,,,,,,,,,,,,,,,,,,,,,
556,冰柱坠击,つららおとし,Icicle Crash,冰,物理,10,85,90,5,{{招式信息框/game,,y,y,,,y,,,,,,,,,,,,,,,,,,,,,,,,,,,,,,,,
557,Ｖ熱焰,Ｖジェネレート,V-create,火,物理,5,180,95,5,{{招式信息框/game,,y,,,,,220,,,,,Ｖ热焰 B2W2.gif,,,,,,,,,,,,,,,,,,,,,,,,,,
558,交错火焰,クロスフレイム,Fusion Flare,火,特殊,5,100,100,5,{{招式信息框/game,,y,,,,,,,,,交错火焰 B2W2.gif,,,,,,,,,,,,,,,,,,,,,,,,,,,
559,交错闪电,クロスサンダー,Fusion Bolt,电,物理,5,100,100,5,{{招式信息框/game,,y,,,,,,,,,,,,,,,,,,,,,,,,,,,,,,,,,,,,
560,飞身重压,フライングプレス,Flying Press,格斗,物理,10,100,95,6,{{招式信息框/game,,y,,,90,,170,,80在第六世代,,飞身重压2.png,飞身重压.png,,,,,,,,,,,,,,250,250,,,,,,,,,,,
561,掀榻榻米,たたみがえし,Mat Block,格斗,变化,10,—,—,6,{{招式信息框/game,,y,,,,,,,,,,掀榻榻米.png,,,,,,,,,,,,,,250,,,,,,,,,,,,
562,打嗝,ゲップ,Belch,毒,特殊,10,120,90,6,{{招式信息框/game,,y,y,,,,,,,,,打嗝.png,,,,,,,,,,,,,,250,,,,,,,,,,,,
563,耕地,たがやす,Rototiller,地面,变化,10,—,—,6,{{招式信息框/game,,,,no,,,,,,,,耕地.png,,,,,,,,,,,,,,250,,,,,,,,,,,,
564,黏黏网,ねばねばネット,Sticky Web,虫,变化,20,—,—,6,{{招式信息框/game,,y,y,,,,,,,,,黏黏网.png,,,,,,,,,,,,,,250,,,,,,,,,,,,
565,致命针刺,とどめばり,Fell Stinger,虫,物理,25,50,100,6,{{招式信息框/game,,y,y,,100,,100,,30在第六世代,,,致命针刺.png,,,,,,,,,,,,,,250,,,,,,,,,,,,
566,潜灵奇袭,ゴーストダイブ,Phantom Force,幽靈,物理,10,90,100,6,{{招式信息框/game,,y,y,,,,,,,,,潜灵奇袭（招式）.gif,,,,,,,,,,,,,,250,,,,,,,,,,,,
567,万圣夜,ハロウィン,Trick-or-Treat,幽灵,变化,20,—,100,6,{{招式信息框/game,,y,,,,,,,,,,万圣夜.png,,,,,,,,,,,,,,250,,,,,,,,,,,,
568,战吼,おたけび,Noble Roar,一般,变化,30,—,100,6,{{招式信息框/game,,y,y,,,,,,,,,战吼.png,,,,,,,,,,,,,,250,,,,,,,,,,,,
569,等离子浴,プラズマシャワー,Ion Deluge,电,变化,25,—,—,6,{{招式信息框/game,,,,no,,,,,,1,,等离子浴.png,,,,,,,,,,,,,,250,,,,,,,,,,,,
570,抛物面充电,パラボラチャージ,Parabolic Charge,电,特殊,20,65,100,6,{{招式信息框/game,,y,,,120,,120,,50在第六世代,,,抛物面充电.png,,,,,,,,,,,,,,250,,,,,,,,,,,,
571,森林诅咒,もりののろい,Forest's Curse,草,变化,20,—,100,6,{{招式信息框/game,,y,,,,,,,,,,森林诅咒.png,,,,,,,,,,,,,,250,,,,,,,,,,,,
572,落英繽紛,はなふぶき,Petal Blizzard,草,物理,15,90,100,6,{{招式信息框/game,,y,y,,,,,,,,,落英繽紛.png,,,,,,,,,,,,,,250,,,,,,,,,,,,
573,冷冻干燥,フリーズドライ,Freeze-Dry,冰,特殊,20,70,100,6,{{招式信息框/game,,y,y,,,,,,,,,冷冻干燥.gif,,,,,,,,,,,,,,250,,,,,,,,,,,,
574,魅惑之声,チャームボイス,Disarming Voice,妖精,特殊,15,40,—,6,{{招式信息框/game,,y,y,,,,,,,,,魅惑之声.png,,,,,,,,,,,,,,250,,,,,,,,,,,,
575,抛下狠话,すてゼリフ,Parting Shot,恶,变化,20,—,100,6,{{招式信息框/game,,y,y,,,,,,,,,拋下狠话（招式）.png,,,,,,,,,,,,,,200,,,,,,,,,,,,
576,颠倒,ひっくりかえす,Topsy-Turvy,恶,变化,20,—,,6,{{招式信息框/game,,y,,,,,,,,,,颠倒.png,,,,,,,,,,,,,,250,,,,,,,,,,,,
577,吸取之吻,ドレインキッス,Draining Kiss,妖精,特殊,10,50,100,6,{{招式信息框/game,,y,y,,,y,,,,,,吸取之吻 XY.png,,,,,,,,,,,,,,300px,,,,,,,,,,,,
578,戏法防守,トリックガード,Crafty Shield,妖精,变化,10,—,—,6,{{招式信息框/game,,y,,,,,,,,3,,戏法防守.png,,,,,,,,,,,,,,250,,,,,,,,,,,,
579,鲜花防守,フラワーガード,Flower Shield,妖精,变化,10,—,—,6,{{招式信息框/game,,y,y,,,,,,,,,鲜花防守.png,,,,,,,,,,,,,,250,,,,,,,,,,,,
580,青草场地,グラスフィールド,Grassy Terrain,草,变化,10,—,—,6,{{招式信息框/game,,y,y,,,,,,,,,青草场地.png,,,,,,,,,,,,,,250,,,,,,,,,,,,
581,薄雾场地,ミストフィールド,Misty Terrain,妖精,变化,10,—,—,6,{{招式信息框/game,,y,y,,,,,,,,,薄雾场地.png,,,,,,,,,,,,,,250,,,,,,,,,,,,
582,输电,そうでん,Electrify,电,变化,20,—,—,6,{{招式信息框/game,,y,,,,,,,,,,输电.png,,,,,,,,,,,,,,250,,,,,,,,,,,,
583,嬉闹,じゃれつく,Play Rough,妖精,物理,10,90,90,6,{{招式信息框/game,y,y,y,,,y,,,,,,嬉闹_XY.png,亲密无间大乱揍,谜拟ＱＺ,190,,,,,,,,,,,300px,,,,,,,,,,,,
584,妖精之风,ようせいのかぜ,Fairy Wind,妖精,特殊,30,40,100,6,{{招式信息框/game,,y,y,,,y,,,,,,妖精之风.png,,,,,,,,,,,,,,250,,,,,,,,,,,,
585,月亮之力,ムーンフォース,Moonblast,妖精,特殊,15,95,100,6,{{招式信息框/game,y,y,y,,,y,,,,,,月亮之力.png,,,,,,,,,,,,,,250,,,,,,,,,,,,
586,爆音波,ばくおんぱ,Boomburst,一般,特殊,10,140,100,6,{{招式信息框/game,,y,y,,,,,,,,,爆音波（招式）.gif,,,,,,,,,,,,,,250,,,,,,,,,,,,
587,妖精之锁,フェアリーロック,Fairy Lock,妖精,变化,10,—,—,6,{{招式信息框/game,,y,,,,,,,,,,妖精之锁.png,,,,,,,,,,,,,,250,,,,,,,,,,,,
588,王者盾牌,キングシールド,King's Shield,钢,变化,10,—,—,6,{{招式信息框/game,,y,,,,,,,,4,,王者盾牌.png,,,,,,,,,,,,使用者进入防守姿态免受伤害，若对手使用接触性招式，则降低对方的攻击。,,250,,,,,,,,,,,,
589,和睦相处,なかよくする,Play Nice,一般,变化,20,—,—,6,{{招式信息框/game,,y,y,,,,,,,,,,,,,,,,,,,,,,,,,,,,,,,,,,,
590,密语,ないしょばなし,Confide,一般,变化,20,—,—,6,{{招式信息框/game,,y,y,,,,,,,,,密语.png,,,,,,,,,,,,,,250,,,,,,,,,,,,
591,钻石风暴,ダイヤストーム,Diamond Storm,岩石,物理,5,100,95,6,{{招式信息框/game,,y,,,,,,8,,,,钻石风暴.gif,,,,,,,,,,,,,,250,,,,,,,,,,,,
592,蒸汽爆炸,スチームバースト,Steam Eruption,水,特殊,5,110,95,6,{{招式信息框/game,,y,,,,,,,,,,蒸汽爆炸 USUM.gif,,,,,,,,,,,,喷射出热量高的蒸汽，可能会让对方灼伤。,,,,,,,,,,,,,,
593,异次元洞,いじげんホール,Hyperspace Hole,超能力,特殊,5,80,—,6,{{招式信息框/game,,y,,,,,,8,,,,异次元洞.png,,,,,,,,,,,,无视状态，并能穿透状态对目标本体造成伤害。,,250,,,,,,,,,,,,
594,飞水手里剑,みずしゅりけん,Water Shuriken,水,特殊,20,15,100,6,{{招式信息框/game,,y,,,,,,,,1,飞水手里剑 XY 2.png,飞水手里剑 XY.png,,,,,,,,,,,,,,250px,250,,,,,,,,,,,
595,魔法火焰,マジカルフレイム,Mystical Fire,火,特殊,10,75,100,6,{{招式信息框/game,,y,y,,130,y,140,,65在第六世代,,,魔法火焰.png,,,,,,,,,,,,,,250,,,,,,,,,,,,
596,尖刺防守,ニードルガード,Spiky Shield,草,变化,10,—,—,6,{{招式信息框/game,,y,y,,,,,,,4,,尖刺防守（招式）.gif,,,,,,,,,,,,,,250,,,,,,,,,,,,
597,芳香薄雾,アロマミスト,Aromatic Mist,妖精,变化,20,—,,6,{{招式信息框/game,,y,y,,,,,,,,,芳香薄雾.png,,,,,,,,,,,,,,250,,,,,,,,,,,,
598,怪异电波,かいでんぱ,Eerie Impulse,电,变化,15,—,100,6,{{招式信息框/game,,y,y,,,,,,,,,怪异电波.png,,,,,,,,,,,,,,250,,,,,,,,,,,,
599,毒液陷阱,ベノムトラップ,Venom Drench,毒,变化,20,—,100,6,{{招式信息框/game,,y,y,,,,,32,,,,毒液陷阱 SWSH.gif,,,,,,,,,,,,,,250,,,,,,,,,,,,
600,粉尘,ふんじん,Powder,虫,变化,20,—,100,6,{{招式信息框/game,,y,,,,,,,,1,,粉尘.png,,,,,,,,,,,,在目标身上覆盖鳞粉，如果目标使用火属性招式攻击，则会爆炸并造成一定伤害。,,250,,,,,,,,,,,,
601,大地掌控,ジオコントロール,Geomancy,妖精,变化,10,—,—,6,{{招式信息框/game,,y,,,,,,,,,,大地掌控.png,,,,,,,,,,,,使用者吸取大地的能量，並在下回合大幅提升特攻、特防、及速度。,,250,,,,,,,,,,,,
602,磁场操控,じばそうさ,Magnetic Flux,电,变化,20,—,—,6,{{招式信息框/game,,y,y,,,,,,,,,磁场操控.png,,,,,,,,,,,,,,250,,,,,,,,,,,,
603,歡樂時光,ハッピータイム,Happy Hour,一般,变化,30,—,—,6,{{招式信息框/game,,y,,,,,,,,,,歡樂時光.png,,,,,,,,,,,,,,250,,,,,,,,,,,,
604,电气场地,エレキフィールド,Electric Terrain,电,变化,10,—,—,6,{{招式信息框/game,,y,y,,,,,,,,,电气场地.png,,,,,,,,,,,,,,250,,,,,,,,,,,,
605,魔法闪耀,マジカルシャイン,Dazzling Gleam,妖精,特殊,10,80,100,6,{{招式信息框/game,y,y,y,,,y,,,,,,魔法闪耀.png,,,,,,,,,,,,,,250,,,,,,,,,,,,
606,庆祝,おいわい,Celebrate,一般,变化,40,—,—,6,{{招式信息框/game,,y,,,,,,,,,,庆祝（招式）.png,,,,,,,,,,,,,,250px,,,,,,,,,,,,
607,牵手,てをつなぐ,Hold Hands,一般,变化,40,—,—,6,{{招式信息框/game,,y,,,,,,,,,牵手（招式）2.png,牵手（招式）.png,,,,,,,,,,,,,,250px,250px,,,,,,,,,,,
608,圆瞳,つぶらなひとみ,Baby-Doll Eyes,妖精,变化,30,—,100,6,{{招式信息框/game,,y,y,,,y,,,,1,,圆瞳.png,,,,,,,,,,,,,,250,,,,,,,,,,,,
609,蹭蹭臉頰,ほっぺすりすり,Nuzzle,电,物理,20,20,100,6,{{招式信息框/game,,y,y,,,,,,,,,蹭蹭臉頰.png,,,,,,,,,,,,,,250,,,,,,,,,,,,
610,手下留情,てかげん,Hold Back,一般,物理,40,40,100,6,{{招式信息框/game,,y,,,,,,,,,,手下留情.png,,,,,,,,,,,,,,250,,,,,,,,,,,,
611,死缠烂打,まとわりつく,Infestation,虫,特殊,20,20,100,6,{{招式信息框/game,,y,y,,,,,,,,,死缠烂打.png,,,,,,,,,,,,,,250,,,,,,,,,,,,
612,增强拳,グロウパンチ,Power-Up Punch,格鬥,物理,20,40,100,6,{{招式信息框/game,,y,y,,,,,,,,,增强拳.png,,,,,,,,,,,,,,250,,,,,,,,,,,,
613,死亡之翼,デスウイング,Oblivion Wing,飛行,特殊,10,80,100,6,{{招式信息框/game,,y,,,,,,,,,,死亡之翼.gif,,,,,,,,,,,,,,250,,,,,,,,,,,,
615,千箭齊發,サウザンアロー,Thousand Arrows,地面,物理,10,90,100,6,{{招式信息框/game,,y,,,,,180,,,,,千箭齊發.png,,,,,,,,,,,,,,250,,,,,,,,,,,,
614,千波激盪,サウザンウェーブ,Thousand Waves,地面,物理,10,90,100,6,{{招式信息框/game,,y,,,,,,,,,,千波激盪.png,,,,,,,,,,,,,,250,,,,,,,,,,,,
616,大地神力,グランドフォース,Land's Wrath,地面,物理,10,90,100,6,{{招式信息框/game,,y,,,,,185,,,,,大地神力.png,,,,,,,,,,,,,,250,,,,,,,,,,,,
617,破灭之光,はめつのひかり,Light of Ruin,妖精,特殊,5,140,90,6,{{招式信息框/game,,y,,,,,,,,,,破灭之光.gif,,,,,,,,,,,,,,250,,,,,,,,,,,,
618,根源波動,こんげんのはどう,Origin Pulse,水,特殊,10,110,85,6,{{招式信息框/game,,y,y,,,,,,,,,根源波動.png,,,,,,,,,,,,,,250,,y,,,,,,,,,,
618,斷崖之劍,だんがいのつるぎ,Precipice Blades,地面,物理,10,120,85,6,{{招式信息框/game,,y,y,,,,,,,,斷崖之劍2.png,斷崖之劍.png,,,,,,,,,,,,,,250,250,y,,,,,,,,,,
620,畫龍點睛,ガリョウテンセイ,Dragon Ascent,飛行,物理,5,120,100,6,{{招式信息框/game,,y,y,,,,,,,,,畫龍點睛.gif,,,,,,,,,,,,,,250,,y,,,,,,,,,,
621,异次元猛攻,いじげんラッシュ,Hyperspace Fury,恶,物理,5,100,—,6,{{招式信息框/game,,y,,,,,,,,,异次元猛攻2.png,异次元猛攻.png,,,,,,,,,,,,,,250,250,y,,,,,,,,,,
622,究極無敵大衝撞,ウルトラダッシュアタック,Breakneck Blitz,一般,Z,1,—,—,7,{{招式信息框/game,,,,,,,,1,,,,究极无敌大冲撞.png,,,,,,,,,,,,,,250,,,yes,,,,,,,,,
622,究極無敵大衝撞,ウルトラダッシュアタック,Breakneck Blitz,一般,Z,1,—,—,7,{{招式信息框/game,,,,,,,,1,,,,究极无敌大冲撞.png,,,,,,,,,,,,,,250,,,yes,,,,,,,,,
624,全力無雙激烈拳,全力無双激烈拳,All-Out Pummeling,格鬥,Z,1,—,—,7,{{招式信息框/game,,,,,,,,1,,,,全力無雙激烈拳.png,,,,,,,,,,,,,,250,,,yes,,,,,,,,,
624,全力無雙激烈拳,全力無双激烈拳,All-Out Pummeling,格鬥,Z,1,—,—,7,{{招式信息框/game,,,,,,,,1,,,,全力無雙激烈拳.png,,,,,,,,,,,,,,250,,,yes,,,,,,,,,
626,極速俯衝轟烈撞,ファイナルダイブクラッシュ,Supersonic Skystrike,飛行,Z,1,—,—,7,{{招式信息框/game,,,,,,,,1,,,,極速俯衝轟烈撞.png,,,,,,,,,,,,,,250,,,yes,,,,,,,,,
626,極速俯衝轟烈撞,ファイナルダイブクラッシュ,Supersonic Skystrike,飛行,Z,1,—,—,7,{{招式信息框/game,,,,,,,,1,,,,極速俯衝轟烈撞.png,,,,,,,,,,,,,,250,,,yes,,,,,,,,,
628,強酸劇毒滅絕雨,アシッドポイズンデリート,Acid Downpour,毒,Z,1,—,—,7,{{招式信息框/game,,,,,,,,1,,,,強酸劇毒滅絕雨.png,,,,,,,,,,,,,,250,,,yes,,,,,,,,,
628,強酸劇毒滅絕雨,アシッドポイズンデリート,Acid Downpour,毒,Z,1,—,—,7,{{招式信息框/game,,,,,,,,1,,,,強酸劇毒滅絕雨.png,,,,,,,,,,,,,,250,,,yes,,,,,,,,,
630,地隆嘯天大終結,ライジングランドオーバー,Tectonic Rage,地面,Z,1,—,—,7,{{招式信息框/game,,,,,,,,1,,,,地隆嘯天大終結.png,,,,,,,,,,,,,,250,,,yes,,,,,,,,,
630,地隆嘯天大終結,ライジングランドオーバー,Tectonic Rage,地面,Z,1,—,—,7,{{招式信息框/game,,,,,,,,1,,,,地隆嘯天大終結.png,,,,,,,,,,,,,,250,,,yes,,,,,,,,,
632,毀天滅地巨岩墜,ワールズエンドフォール,Continental Crush,岩石,Z,1,—,—,7,{{招式信息框/game,,,,,,,,1,,,,毀天滅地巨岩墜.png,,,,,,,,,,,,,,250,,,yes,,,,,,,,,
632,毀天滅地巨岩墜,ワールズエンドフォール,Continental Crush,岩石,Z,1,—,—,7,{{招式信息框/game,,,,,,,,1,,,,毀天滅地巨岩墜.png,,,,,,,,,,,,,,250,,,yes,,,,,,,,,
634,絕對捕食迴旋斬,絶対捕食回転斬,Savage Spin-Out,蟲,Z,1,—,—,7,{{招式信息框/game,,,,,,,,1,,,,絕對捕食迴旋斬.png,,,,,,,,,,,,,,250,,,yes,,,,,,,,,
634,絕對捕食迴旋斬,絶対捕食回転斬,Savage Spin-Out,蟲,Z,1,—,—,7,{{招式信息框/game,,,,,,,,1,,,,絕對捕食迴旋斬.png,,,,,,,,,,,,,,250,,,yes,,,,,,,,,
636,無盡暗夜之誘惑,無限暗夜への誘い,Never-Ending Nightmare,幽靈,Z,1,—,—,7,{{招式信息框/game,,,,,,,,1,,,,無盡暗夜之誘惑.png,,,,,,,,,,,,,,250,,,yes,,,,,,,,,
636,無盡暗夜之誘惑,無限暗夜への誘い,Never-Ending Nightmare,幽靈,Z,1,—,—,7,{{招式信息框/game,,,,,,,,1,,,,無盡暗夜之誘惑.png,,,,,,,,,,,,,,250,,,yes,,,,,,,,,
638,超絕螺旋連擊,超絶螺旋連撃,Corkscrew Crash,鋼,Z,1,—,—,7,{{招式信息框/game,,,,,,,,1,,,,超絕螺旋連擊.png,,,,,,,,,,,,,,250,,,yes,,,,,,,,,
638,超絕螺旋連擊,超絶螺旋連撃,Corkscrew Crash,鋼,Z,1,—,—,7,{{招式信息框/game,,,,,,,,1,,,,超絕螺旋連擊.png,,,,,,,,,,,,,,250,,,yes,,,,,,,,,
640,超強極限爆焰彈,ダイナミックフルフレイム,Inferno Overdrive,火,Z,1,—,—,7,{{招式信息框/game,,,,,,,,1,,,,超強極限爆焰彈.png,,,,,,,,,,,,,,250,,,yes,,,,,,,,,
640,超強極限爆焰彈,ダイナミックフルフレイム,Inferno Overdrive,火,Z,1,—,—,7,{{招式信息框/game,,,,,,,,1,,,,超強極限爆焰彈.png,,,,,,,,,,,,,,250,,,yes,,,,,,,,,
642,超級水流大漩渦,スーパーアクアトルネード,Hydro Vortex,水,Z,1,—,—,7,{{招式信息框/game,,,,,,,,1,,,,超級水流大漩渦.png,,,,,,,,,,,,,,250,,,yes,,,,,,,,,
642,超級水流大漩渦,スーパーアクアトルネード,Hydro Vortex,水,Z,1,—,—,7,{{招式信息框/game,,,,,,,,1,,,,超級水流大漩渦.png,,,,,,,,,,,,,,250,,,yes,,,,,,,,,
644,絢爛繽紛花怒放,ブルームシャインエクストラ,Bloom Doom,草,Z,1,—,—,7,{{招式信息框/game,,,,,,,,1,,,,絢爛繽紛花怒放.png,,,,,,,,,,,,,,250px,,,yes,,,,,,,,,
644,絢爛繽紛花怒放,ブルームシャインエクストラ,Bloom Doom,草,Z,1,—,—,7,{{招式信息框/game,,,,,,,,1,,,,絢爛繽紛花怒放.png,,,,,,,,,,,,,,250px,,,yes,,,,,,,,,
646,終極伏特狂雷閃,スパーキングギガボルト,Gigavolt Havoc,電,Z,1,—,—,7,{{招式信息框/game,,,,,,,,1,,,,終極伏特狂雷閃.png,,,,,,,,,,,,,,250,,,yes,,,,,,,,,
646,終極伏特狂雷閃,スパーキングギガボルト,Gigavolt Havoc,電,Z,1,—,—,7,{{招式信息框/game,,,,,,,,1,,,,終極伏特狂雷閃.png,,,,,,,,,,,,,,250,,,yes,,,,,,,,,
648,至高精神破壞波,マキシマムサイブレイカー,Shattered Psyche,超能力,Z,1,—,—,7,{{招式信息框/game,,,,,,,,1,,,,至高精神破壞波.png,,,,,,,,,,,,,,250,,,yes,,,,,,,,,
648,至高精神破壞波,マキシマムサイブレイカー,Shattered Psyche,超能力,Z,1,—,—,7,{{招式信息框/game,,,,,,,,1,,,,至高精神破壞波.png,,,,,,,,,,,,,,250,,,yes,,,,,,,,,
650,激狂大地萬里冰,レイジングジオフリーズ,Subzero Slammer,冰,Z,1,—,—,7,{{招式信息框/game,,,,,,,,1,,,,激狂大地萬里冰.png,,,,,,,,,,,,,,250,,,yes,,,,,,,,,
650,激狂大地萬里冰,レイジングジオフリーズ,Subzero Slammer,冰,Z,1,—,—,7,{{招式信息框/game,,,,,,,,1,,,,激狂大地萬里冰.png,,,,,,,,,,,,,,250,,,yes,,,,,,,,,
652,究極巨龍震天地,アルティメットドラゴンバーン,Devastating Drake,龍,Z,1,—,—,7,{{招式信息框/game,,,,,,,,1,,,,究極巨龍震天地.png,,,,,,,,,,,,,,250,,,yes,,,,,,,,,
652,究極巨龍震天地,アルティメットドラゴンバーン,Devastating Drake,龍,Z,1,—,—,7,{{招式信息框/game,,,,,,,,1,,,,究極巨龍震天地.png,,,,,,,,,,,,,,250,,,yes,,,,,,,,,
654,黑洞吞噬萬物滅,ブラックホールイクリプス,Black Hole Eclipse,惡,Z,1,—,—,7,{{招式信息框/game,,,,,,,,1,,,,黑洞吞噬萬物滅.png,,,,,,,,,,,,,,250,,,yes,,,,,,,,,
654,黑洞吞噬萬物滅,ブラックホールイクリプス,Black Hole Eclipse,惡,Z,1,—,—,7,{{招式信息框/game,,,,,,,,1,,,,黑洞吞噬萬物滅.png,,,,,,,,,,,,,,250,,,yes,,,,,,,,,
656,可愛星星飛天撞,ラブリースターインパクト,Twinkle Tackle,妖精,Z,1,—,—,7,{{招式信息框/game,,,,,,,,1,,,,可愛星星飛天撞.png,,,,,,,,,,,,,,250,,,yes,,,,,,,,,
656,可愛星星飛天撞,ラブリースターインパクト,Twinkle Tackle,妖精,Z,1,—,—,7,{{招式信息框/game,,,,,,,,1,,,,可愛星星飛天撞.png,,,,,,,,,,,,,,250,,,yes,,,,,,,,,
658,皮卡皮卡必殺擊,ひっさつのピカチュート,Catastropika,電,Z,1,210,—,7,{{招式信息框/game,,,,,,,,1,,,,皮卡皮卡必殺擊.png,,,,,,,,,,,,,,250,,,yes,,,,,,,,,
,集沙,すなあつめ,Shore Up,地面,变化,10,—,—,7,{{招式信息框/game,,y,,,,,,,,,集沙2.png,集沙.png,,,,,,,,,,,,,,250,250,,,,,,,,,,,
660,迎头一击,であいがしら,First Impression,虫,物理,10,90,100,7,{{招式信息框/game,,y,,,,,,,,2,,迎头一击.png,,,,,,,,,,,,,,250,,,,,,,,,,,,
661,碉堡,トーチカ,Baneful Bunker,毒,变化,10,—,--,7,{{招式信息框/game,,y,,,,,,,,4,,碉堡.png,,,,,,,,,,,,,,250,,,,,,,,,,,,
662,缝影,かげぬい,Spirit Shackle,幽灵,物理,10,80,100,7,{{招式信息框/game,,y,,,,,,16,,,,,遮天蔽日暗影箭,狙射树枭Ｚ,180,,,,,,,,,,,,,,,,,,,,,,,
663,ＤＤ金勾臂,ＤＤラリアット,Darkest Lariat,恶,物理,10,85,100,7,{{招式信息框/game,,y,,,,,,16,,,ＤＤ金勾臂（招式） 2.png,ＤＤ金勾臂（招式）.png,极恶飞跃粉碎击,炽焰咆哮虎Ｚ,180,,,,,,,,,,,250,250,,,,,,,,,,,
664,泡影的咏叹调,うたかたのアリア,Sparkling Aria,水,特殊,10,90,100,7,{{招式信息框/game,,y,,,,,,16,,,,泡影的咏叹调.gif,海神庄严交响乐,西狮海壬Ｚ,195,,,,,,,,,,,250,,,,,,,,,,,,
,冰锤,アイスハンマー,Ice Hammer,冰,物理,10,100,90,7,{{招式信息框/game,,y,,,,,,,,,,冰錘（招式）.png,,,,,,,,,,,,,,250,,,,,,,,,,,,
666,花疗,フラワーヒール,Floral Healing,妖精,变化,10,—,—,7,{{招式信息框/game,,y,,,,,,,,,,花疗.png,,,,,,,,,,,,,,250,,,,,,,,,,,,
630,十万马力,１０まんばりき,High Horsepower,地面,物理,10,95,95,7,{{招式信息框/game,,y,y,,,y,,,,,,十万马力 SWSH.gif,,,,,,,,,,,,,,350px,,,,,,,,,,,,
671,吸取力量,ちからをすいとる,Strength Sap,草,变化,10,—,100,7,{{招式信息框/game,,y,y,,,y,,,,,,吸取力量.png,,,,,,,,,,,,,,250,,,,,,,,,,,,
669,日光刃,ソーラーブレード,Solar Blade,草,物理,10,125,100,7,{{招式信息框/game,,y,,,,,,,,,日光刃2.png,日光刃.png,,,,,,,,,,,,,,250,250,,,,,,,,,,,
670,树叶,このは,Leafage,草,物理,40,40,100,7,{{招式信息框/game,,y,y,,,y,,,,,,树叶（招式）.png,,,,,,,,,,,,,,200,,,,,,,,,,,,
674,聚光灯,スポットライト,Spotlight,一般,变化,15,—,--,7,{{招式信息框/game,,,,no,,,,,,+3,,聚光灯.png,,,,,,,,,,,,,,250,,,,,,,,,,,,
672,毒丝,どくのいと,Toxic Thread,毒,变化,20,—,100,7,{{招式信息框/game,,y,y,,,y,,,,,,毒丝.png,,,,,,,,,,,,,,250,,,,,,,,,,,,
673,磨砺,とぎすます,Laser Focus,一般,变化,30,—,--,7,{{招式信息框/game,,y,y,,,y,,,,,,磨砺.png,,,,,,,,,,,,,,250,,,,,,,,,,,,
674,辅助齿轮,アシストギア,Gear Up,鋼,变化,20,—,--,7,{{招式信息框/game,,y,,,,,,32,,,,辅助齿轮（招式）.png,,,,,,,,,,,,,,250,,,,,,,,,,,,
675,地狱突刺,じごくづき,Throat Chop,恶,物理,15,80,100,7,{{招式信息框/game,,y,y,,,y,,,,,,地狱突刺 SWSH.gif,,,,,,,,,,,,,,350px,,,,,,,,,,,,
676,花粉团,かふんだんご,Pollen Puff,虫,特殊,15,90,100,7,{{招式信息框/game,,y,,,,,,24,,,,花粉团（招式）.png,,,,,,,,,,,,,,250,,,,,,,,,,,,
677,掷锚,アンカーショット,Anchor Shot,鋼,物理,20,80,100,7,{{招式信息框/game,,y,,,,,,32,,,掷锚（招式） 2.png,掷锚（招式）.png,,,,,,,,,,,,,,250,250,,,,,,,,,,,
678,精神场地,サイコフィールド,Psychic Terrain,超能力,变化,10,—,—,7,{{招式信息框/game,,y,,,,,,,,,,精神场地.jpg,,,,,,,,,,,,,,250,,,,,,,,,,,,
679,猛扑,とびかかる,Lunge,蟲,物理,15,80,100,7,{{招式信息框/game,,y,y,,,y,,24,,,,猛扑.png,,,,,,,,,,,,,,250,,,,,,,,,,,,
680,火焰鞭,ほのおのムチ,Fire Lash,火,物理,15,80,100,7,{{招式信息框/game,,y,,,,,,24,,,,火焰鞭（招式）.png,,,,,,,,,,,,,,250,,,,,,,,,,,,
681,嚣张,つけあがる,Power Trip,惡,物理,10,20,100,7,{{招式信息框/game,,y,,,130,,160,16,,,,嚣张.png,,,,,,,,,,,,,,250,,,,,,,,,,,,
682,燃尽,もえつきる,Burn Up,火,特殊,5,130,100,7,{{招式信息框/game,,y,y,,,y,,8,,,燃尽（招式） 2.png,燃尽（招式）.png,,,,,,,,,,,,,,250,250,,,,,,,,,,,
683,速度互换,スピードスワップ,Speed Swap,超能力,变化,10,—,—,7,{{招式信息框/game,,y,,,,,,16,,,,速度互换.png,,,,,,,,,,,,,,250,,,,,,,,,,,,
684,修长之角,スマートホーン,Smart Strike,鋼,物理,10,70,--,7,{{招式信息框/game,,y,y,,,y,,16,,,,修长之角 USUM.png,,,,,,,,,,,,,,250px,250px,,,,,,,,,,,
685,净化,じょうか,Purify,毒,变化,20,—,--,7,{{招式信息框/game,,y,,,,,,,,,,净化.png,,,,,,,,,,,,,,250,,,,,,,,,,,,
686,觉醒之舞,めざめるダンス,Revelation Dance,一般,特殊,15,90,100,7,{{招式信息框/game,,y,,,,,,24,,,,觉醒之舞.gif,,,,,,,,,,,,,,250,,,,,,,,,,,,
687,核心懲罰者,コアパニッシャー,Core Enforcer,龍,特殊,10,100,100,7,{{招式信息框/game,,y,,,,,140,16,,,核心懲罰者（招式） 2.png,核心懲罰者（招式）.png,,,,,,,,,,,,,,250px,250px,,,,,,,,,,,
688,热带踢,トロピカルキック,Trop Kick,草,物理,15,70,100,7,{{招式信息框/game,,y,,,,,,24,,,,热带踢（招式）.png,,,,,,,,,,,,,,250,,,,,,,,,,,,
689,號令,さいはい,Instruct,超能力,变化,15,—,--,7,{{招式信息框/game,,y,,,,,,,,,,號令.gif,,,,,,,,,,,,,,250,,,,,,,,,,,,
690,鸟嘴加农炮,くちばしキャノン,Beak Blast,飛行,物理,15,100,100,7,{{招式信息框/game,,y,,,,,,24,,-3,鸟嘴加农炮（招式） 2.png,鸟嘴加农炮（招式）.png,,,,,,,,,,,,,,250,250,,,,,,,,,,,
691,鱗片噪音,スケイルノイズ,Clanging Scales,龙,特殊,5,110,100,7,{{招式信息框/game,,y,,,,,,8,,,,鱗片噪音（招式）.png,炽魂热舞烈音爆,杖尾鳞甲龙Ｚ,185,,,,,,,,,,,250,,,,,,,,,,,,
692,龙锤,ドラゴンハンマー,Dragon Hammer,龍,物理,15,90,100,7,{{招式信息框/game,,y,y,,,y,,24,,,,龙锤.gif,,,,,,,,,,,,,,250,,,,,,,,,,,,
693,狂舞挥打,ぶんまわす,Brutal Swing,惡,物理,20,60,100,7,{{招式信息框/game,,y,,,,,,32,,,狂舞挥打（招式） 2.png,狂舞挥打（招式）.png,,,,,,,,,,,,,,250,250,,,,,,,,,,,
694,极光幕,オーロラベール,Aurora Veil,冰,变化,20,—,—,7,{{招式信息框/game,,y,y,,,y,,,,,,极光幕（招式）.gif,,,,,,,,,,,,,,250,,,,,,,,,,,,
695,遮天蔽日暗影箭,シャドーアローズストライク,Sinister Arrow Raid,幽靈,Z,1,180,—,7,{{招式信息框/game,,,,,,,,1,,,,遮天蔽日暗影箭.png,,,,,,,,,,,,,,250,,,yes,,,,,,,,,
696,極惡飛躍粉碎擊,ハイパーダーククラッシャー,Malicious Moonsault,惡,Z,1,180,—,7,{{招式信息框/game,,,,,,,,1,,,,極惡飛躍粉碎擊.png,,,,,,,,,,,,,,250,,,yes,,,,,,,,,
697,海神莊嚴交響樂,わだつみのシンフォニア,Oceanic Operetta,水,Z,1,195,—,7,{{招式信息框/game,,,,,,,,1,,,,海神莊严交响乐.png,,,,,,,,,,,,,,250,,,yes,,,,,,,,,
698,巨人衛士・阿羅拉,ガーディアン・デ・アローラ,Guardian of Alola,妖精,Z,1,变化,—,7,{{招式信息框/game,,,,,,,,1,,,,巨人衛士・阿羅拉.png,,,,,,,,,,,,,,250,,,yes,,,,,,,,,
699,七星奪魂腿,七星奪魂腿,Soul-Stealing 7-Star Strike,幽灵,Z,1,195,—,7,{{招式信息框/game,,,,,,,,1,,,,七星奪魂腿 繪圖.png,,,,,,,,,,,,,,250px,,,yes,,,,,,,,,
700,駕雷馭電戲衝浪,ライトニングサーフライド,Stoked Sparksurfer,電,Z,1,175,—,7,{{招式信息框/game,,,,,,,,1,,,,駕雷馭電戲衝浪.png,,,,,,,,,,,,,,250,,,yes,,,,,,,,,
701,認真起來大爆擊,ほんきをだす　こうげき,Pulverizing Pancake,一般,Z,1,210,—,7,{{招式信息框/game,,,,,,,,1,,,,認真起來大爆擊.png,,,,,,,,,,,,,,250,,,yes,,,,,,,,,
702,九彩昇華齊聚頂,ナインエボルブースト,Extreme Evoboost,一般,Z,1,—,—,7,{{招式信息框/game,,,,,,,,1,,,,九彩昇華齊聚頂.png,,,,,,,,,,,,,,250,,,yes,,,,,,,,,
703,起源超新星大爆炸,オリジンズスーパーノヴァ,Genesis Supernova,超能力,Z,1,185,—,7,{{招式信息框/game,,,,,,,,1,,,,起源超新星大爆炸.png,,,,,,,,,,,,,,250,,,yes,,,,,,,,,
704,陷阱甲壳,トラップシェル,Shell Trap,火,特殊,5,150,100,7,{{招式信息框/game,,y,,,,,,8,,-3,陷阱甲壳（招式） 2.png,陷阱甲壳（招式）.png,,,,,,,,,,,,,,250,250,,,,,,,,,,,
705,花朵加農炮,フルールカノン,Fleur Cannon,妖精,特殊,5,130,90,7,{{招式信息框/game,,y,,,,,,,,,,花朵加農炮（招式）.png,,,,,,,,,,,,,,250px,,,,,,,,,,,,
706,精神之牙,サイコファング,Psychic Fangs,超能力,物理,10,85,100,7,{{招式信息框/game,,y,,,,,,,,,,精神之牙（招式）.png,,,,,,,,,,,,,,200,,,,,,,,,,,,
707,跺脚,じだんだ,Stomping Tantrum,地面,物理,10,75,100,7,{{招式信息框/game,,y,y,,,y,,,,,,跺脚.png,,,,,,,,,,,,,,250,,,,yes,,,,,,,,
708,暗影之骨,シャドーボーン,Shadow Bone,幽靈,物理,10,85,100,7,{{招式信息框/game,,y,,,,,,16,,,暗影之骨（招式） 2.png,暗影之骨（招式）.png,,,,,,,,,,,,,,280,280,,,,,,,,,,,
岩石,衝岩,アクセルロック,Accelerock,岩石,物理,20,40,100,7,{{招式信息框/game,,y,,,,,,32,,1,,衝岩.gif,,,,,,,,,,,,,,250,,,,,,,,,,,,
710,水流裂破,アクアブレイク,Liquidation,水,物理,10,85,100,7,{{招式信息框/game,,y,y,,,y,,16,,,水流裂破（招式） 2.png,水流裂破（招式）.png,,,,,,,,,,,,,,280,280,,,,,,,,,,,
711,棱镜镭射,プリズムレーザー,Prismatic Laser,超能力,特殊,10,160,100,7,{{招式信息框/game,,y,,,,,,16,,,,棱镜镭射 USUM.gif,,,,,,,,,,,,,,,,,,,,,,,,,,
712,暗影偷盗,シャドースチール,Spectral Thief,幽靈,物理,10,90,100,7,{{招式信息框/game,,y,,,,,,16,,,暗影偷盗（招式） 2.png,暗影偷盗（招式）.png,七星夺魂腿,瑪夏多Ｚ,195,,,,,,,,,,,280,280,,,,,,,,,,,
713,流星閃衝,メテオドライブ,Sunsteel Strike,钢,物理,5,100,100,7,{{招式信息框/game,,y,,,,,,,,,,流星闪冲（招式）.gif,日光回旋下苍穹,索尔迦雷欧Ｚ,200,,,,,,,,,,,280,,,,,,,,,,,,
714,暗影之光,シャドーレイ,Moongeist Beam,幽靈,特殊,5,100,100,7,{{招式信息框/game,,y,,,,,,,,,,暗影之光 SWSH.gif,月华飞溅落灵霄,露奈雅拉Ｚ,200,,,,,,,,,,,280,,,,,,,,,,,,
715,泪眼汪汪,なみだめ,Tearful Look,一般,变化,20,—,--,7,{{招式信息框/game,,y,y,,,y,,32,,,,泪眼汪汪（招式）.png,,,,,,,,,,,,,,280,,,,,,,,,,,,
716,麻麻刺刺,びりびりちくちく,Zing Zap,電,物理,10,80,100,7,{{招式信息框/game,,y,,,,,,16,,,麻麻刺刺（招式） 2.png,麻麻刺刺（招式）.png,,,,,,,,,,,,,,250,250,,,,,,,,,,,
妖精,自然之怒,しぜんのいかり,Nature's Madness,妖精,特殊,10,变化,90,7,{{招式信息框/game,,y,,,,,100,16,,,,自然之怒（招式）.png,巨人卫士・阿罗拉,卡璞Ｚ,变化,,,,,,,,,,,250px,,,,,妖精Ｚ,可爱星星飞天撞,,,,,,
718,多属性攻击,マルチアタック,Multi-Attack,一般,物理,10,120,100,7,{{招式信息框/game,,y,,,95,,185,16,,,多属性攻击（招式） 2.png,多属性攻击（招式）.png,,,,,,,,,,,,,,250,250,,,,,,,,,,,
719,千萬伏特,１０００まんボルト,"10,000,000 Volt Thunderbolt",電,Z,1,195,—,7,{{招式信息框/game,,,,,,,,1,,,,千万伏特.png,,,,,,,,,,,,,,250,,,yes,,,,,,,,,
711,驚爆大頭,ビックリヘッド,Mind Blown,火,特殊,5,150,100,7,{{招式信息框/game,,y,,,,,,8,,,,惊爆大头 USUM.png,,,,,,,,,,,,,,280,,,,,,,y,,,,,
721,等離子閃電拳,プラズマフィスト,Plasma Fists,電,物理,15,100,100,7,{{招式信息框/game,,y,,,,,,24,,,,等离子闪电拳 USUM.png,,,,,,,,,,,,,,250px,,,,,,,y,,,,,
722,光子喷涌,フォトンゲイザー,Photon Geyser,超能力,特殊,5,100,100,7,{{招式信息框/game,,y,,,,,,,,,,光子喷湧 SWSH.gif,焚天灭世炽光爆,究极奈克洛Ｚ,200,,,,,,,,,,,280,,,,,,,y,,,,,
728,熾魂熱舞烈音爆,ブレイジングソウルビート,Clangorous Soulblaze,龍,Z,1,185,—,7,{{招式信息框/game,,,,,,,,1,,,,熾魂熱舞烈音爆.png,,,,,,,,,,,,,,250px,,,yes,,,,y,,,,,
727,狼嘯石牙颶風暴,ラジアルエッジストーム,Splintered Stormshards,岩石,Z,1,190,—,7,{{招式信息框/game,,,,,,,,1,,,,狼嘯石牙颶風暴 繪圖.png,,,,,,,,,,,,,,250px,250px,,yes,,,,y,,,,,
726,親密無間大亂揍,ぽかぼかフレンドタイム,Let's Snuggle Forever,妖精,Z,1,190,—,7,{{招式信息框/game,,,,,,,,1,,,,None.png,,,,,,,,,,,,,,250px,,,yes,,,,y,,,,,
724,日光迴旋下蒼穹,サンシャインスマッシャー,Searing Sunraze Smash,鋼,Z,1,200,—,7,{{招式信息框/game,,,,,,,,1,,,日光迴旋下蒼穹2.png,日光迴旋下蒼穹.png,,,,,,,,,,,,,,250px,250,,yes,,,,y,,,,,
725,月華飛濺落靈霄,ムーンライトブラスター,Menacing Moonraze Maelstrom,幽靈,Z,1,200,—,7,{{招式信息框/game,,,,,,,,1,,,月華飛濺落靈霄2.png,月華飛濺落靈霄.png,,,,,,,,,,,,,,250,250,,yes,,,,y,,,,,
723,焚天滅世熾光爆,天焦がす滅亡の光,Light That Burns the Sky,超能力,特殊,1,200,—,7,{{招式信息框/game,,,,,,,,1,,,,焚天滅世熾光爆.png,,,,,,,,,,,,,,250px,,,yes,,,,y,,,,,
729,電電加速,ばちばちアクセル,Zippy Zap,電,物理,15,50,100,7,{{招式信息框/game,,,,no,,,,24,,2,,电电加速 LPLE.png,,,,,,,,,,,,,,,,,no,,,,,y,,,,
730,滔滔冲浪,ざぶざぶサーフ,Splishy Splash,水,特殊,15,90,100,7,{{招式信息框/game,,,,no,,,,,,,,滔滔冲浪 LPLE.png,,,,,,,,,,,,,,,,,no,,,,,y,,,,
731,飄飄墜落,ふわふわフォール,Floaty Fall,飛行,物理,15,90,95,7,{{招式信息框/game,,,,no,,,,,,,,飄飄墜落 LPLE.png,,,,,,,,,,,,,,,,,no,,,,,y,,,,
732,閃閃雷光,ピカピカサンダー,Pika Papow,電,特殊,20,变化,—,7,{{招式信息框/game,,,,no,,,,,,,,闪闪雷光 LPLE.png,,,,,,,,,,,,,,,,,no,,,,,y,,,,
729,活活氣泡,いきいきバブル,Bouncy Bubble,水,特殊,15,90,100,7,{{招式信息框/game,,,,no,,,,,,,,活活气泡 LPLE.gif,,,,,,,,,,,,,,350px,,,no,,,,,,y,,,
734,麻麻電擊,びりびりエレキ,Buzzy Buzz,電,特殊,15,90,100,7,{{招式信息框/game,,,,no,,,,,,,,麻麻电击 LPLE.gif,,,,,,,,,,,,,,350px,,,no,,,,,,y,,,
735,熊熊火爆,めらめらバーン,Sizzly Slide,火,物理,15,90,100,7,{{招式信息框/game,,,,no,,,,,,,,熊熊火爆 LPLE.gif,,,,,,,,,,,,,,350px,,,no,,,,,,y,,,
736,嘩嘩氣場,どばどばオーラ,Glitzy Glow,超能力,特殊,15,90,100,7,{{招式信息框/game,,,,no,,,,,,,,哗哗气场 LPLE.gif,,,,,,,,,,,,,,350px,,,no,,,,,,y,,,
737,壞壞領域,わるわるゾーン,Baddy Bad,惡,特殊,15,90,100,7,{{招式信息框/game,,,,no,,,,,,,,坏坏领域 LPLE.gif,,,,,,,,,,,,,,350px,,,no,,,,,,y,,,
738,茁茁轟炸,すくすくボンバー,Sappy Seed,草,物理,15,90,100,7,{{招式信息框/game,,,,no,,,,,,,,茁茁轰炸 LPLE.gif,,,,,,,,,,,,,,350px,,,no,,,,,,y,,,
739,冰冰霜凍,こちこちフロスト,Freezy Frost,冰,特殊,15,90,100,7,{{招式信息框/game,,,,no,,,,,,,,冰冰霜冻 LPLE.gif,,,,,,,,,,,,,,350px,,,no,,,,,,y,,,
740,亮亮風暴,きらきらストーム,Sparkly Swirl,妖精,特殊,15,90,100,7,{{招式信息框/game,,,,no,,,,,,,,亮亮风暴 LPLE.gif,,,,,,,,,,,,,,350px,,,no,,,,,,y,,,
741,砰砰擊破,ブイブイブレイク,Veevee Volley,一般,物理,20,变化,—,7,{{招式信息框/game,,,,no,,,,,,,,砰砰击破 LPLE.gif,,,,,,,,,,,,,,350px,,,no,,,,,,y,,,
742,鋼拳雙擊,ダブルパンツァー,Double Iron Bash,鋼,物理,5,60,100,7,{{招式信息框/game,y,y,,,,,,,,,,钢拳双击 LPLE.png,,,,,,,,,,,,,,,,,no,,,,,,,,,
743,極巨防壁,ダイウォール,Max Guard,一般,变化,—,—,—,8,{{招式信息框/game,,y,,yes,,,,—,,4,,极巨防壁.gif,,,,,,,,,,,,,,350,,,no,,,,,,,,,
744,极巨炮,ダイマックスほう,Dynamax Cannon,龍,特殊,5,100,100,8,{{招式信息框/game,,y,,,,,,,,,,极巨炮 SWSH.png,,,,,,,,,,,,,,280,,,no,,,,,,,,,
745,狙擊,ねらいうち,Snipe Shot,水,特殊,15,80,100,8,{{招式信息框/game,,y,,,,,,24,,,,狙击 SWSH.gif,,,,,,,,,,,,,,,,,no,,,,,,,,,
746,紧咬不放,くらいつく,Jaw Lock,惡,物理,10,80,100,8,{{招式信息框/game,,y,,,,,,16,,,,紧咬不放 SWSH.gif,,,,,,,,,,,,,,,,,no,,,,,,,,,
747,大快朵頤,ほおばる,Stuff Cheeks,一般,变化,10,—,—,8,{{招式信息框/game,,y,,,,,,16,,,,大快朵颐 SWSH.gif,,,,,,,,,,,,,,,,,no,,,,,,,,,
748,背水一战,はいすいのじん,No Retreat,格斗,变化,5,—,—,8,{{招式信息框/game,,y,,,,,,,,,,背水一战 SWSH.gif,,,,,,,,,,,,,,,,,,,,,,,,,,
749,瀝青射擊,タールショット,Tar Shot,岩石,变化,15,—,100,8,{{招式信息框/game,,y,,,,,,24,,,,沥青射击 SWSH.gif,,,,,,,,,,,,,,,,,no,,,,,,,,,
750,魔法粉,まほうのこな,Magic Powder,超能力,变化,20,—,100,8,{{招式信息框/game,,y,,,,,,32,,,,魔法粉 SWSH.gif,,,,,,,,,,,,,,,,,no,,,,,,,,,
751,龍箭,ドラゴンアロー,Dragon Darts,龍,物理,10,50,100,8,{{招式信息框/game,,y,,,130,,,,,,,龙箭 SWSH.gif,,,,,,,,,,,,,,,,,no,,,,,,,,,
752,茶會,おちゃかい,Teatime,一般,变化,10,—,—,8,{{招式信息框/game,,y,,,,,,16,,,,茶会 SWSH.gif,,,,,,,,,,,,,,,,,,,,,,,,,,
753,蛸固,たこがため,Octolock,格鬥,变化,15,—,100,8,{{招式信息框/game,,y,,,,,,24,,,,蛸固 SWSH.gif,,,,,,,,,,,,,,,,,no,,,,,,,,,
754,電喙,でんげきくちばし,Bolt Beak,電,物理,10,85,100,8,{{招式信息框/game,,y,,,,,,16,,,,电喙 SWSH.gif,,,,,,,,,,,,,,,,,no,,,,,,,,,
755,鳃咬,エラがみ,Fishious Rend,水,物理,10,85,100,8,{{招式信息框/game,,y,,,,,,,,,,鳃咬 SWSH.gif,,,,,,,,,,,,,,,,,no,,,,,,,16,,
756,換場,コートチェンジ,Court Change,一般,变化,10,—,100,8,{{招式信息框/game,,y,,,,,,16,,,,换场 SWSH.gif,,,,,,,,,,,,,,,,,no,,,,,,,,,
757,極巨火爆,ダイバーン,Max Flare,火,极巨,—,—,—,8,{{招式信息框/game,,y,,yes,,,,—,,,,极巨火爆.gif,,,,,,,,,,,,,,350,,,no,,,,,,,,,
758,極巨蟲蠱,ダイワーム,Max Flutterby,蟲,极巨,—,—,—,8,{{招式信息框/game,,y,,yes,,,,—,,,,极巨虫蛊.gif,,,,,,,,,,,,,,350,,,no,,,,,,,,,
759,極巨閃電,ダイサンダー,Max Lightning,電,极巨,—,—,—,8,{{招式信息框/game,,y,,yes,,,,—,,,,极巨闪电.gif,,,,,,,,,,,,,,350,,,no,,,,,,,,,
760,極巨攻擊,ダイアタック,Max Strike,一般,极巨,—,—,—,8,{{招式信息框/game,,y,,yes,,,,—,,,,极巨攻击.gif,,,,,,,,,,,,,,350,,,no,,,,,,,,,
761,極巨拳鬥,ダイナックル,Max Knuckle,格鬥,极巨,—,—,—,8,{{招式信息框/game,,y,,yes,,,,—,,,,极巨拳斗.gif,,,,,,,,,,,,,,350,,,no,,,,,,,,,
762,極巨幽魂,ダイホロウ,Max Phantasm,幽靈,极巨,—,—,—,8,{{招式信息框/game,,y,,yes,,,,—,,,,极巨幽魂.gif,,,,,,,,,,,,,,350,,,no,,,,,,,,,
763,極巨寒冰,ダイアイス,Max Hailstorm,冰,极巨,—,—,—,8,{{招式信息框/game,,y,,yes,,,,—,,,,极巨寒冰.gif,,,,,,,,,,,,,,350,,,no,,,,,,,,,
764,極巨酸毒,ダイアシッド,Max Ooze,毒,极巨,—,—,—,8,{{招式信息框/game,,y,,yes,,,,—,,,,极巨酸毒.gif,,,,,,,,,,,,,,350,,,no,,,,,,,,,
765,極巨水流,ダイストリーム,Max Geyser,水,极巨,—,—,—,8,{{招式信息框/game,,y,,yes,,,,—,,,,极巨水流.gif,,,,,,,,,,,,,,350,,,no,,,,,,,,,
766,極巨飛衝,ダイジェット,Max Airstream,飛行,极巨,—,—,—,8,{{招式信息框/game,,y,,yes,,,,—,,,,极巨飞冲.gif,,,,,,,,,,,,,,350,,,no,,,,,,,,,
767,極巨妖精,ダイフェアリー,Max Starfall,妖精,极巨,—,—,—,8,{{招式信息框/game,,y,,yes,,,,—,,,,极巨妖精.gif,,,,,,,,,,,,,,350,,,no,,,,,,,,,
768,極巨龍騎,ダイドラグーン,Max Wyrmwind,龍,极巨,—,—,—,8,{{招式信息框/game,,y,,yes,,,,—,,,,极巨龙骑.gif,,,,,,,,,,,,,,350,,,no,,,,,,,,,
769,極巨超能,ダイサイコ,Max Mindstorm,超能力,极巨,—,—,—,8,{{招式信息框/game,,y,,yes,,,,—,,,,极巨超能.gif,,,,,,,,,,,,,,350,,,no,,,,,,,,,
770,極巨岩石,ダイロック,Max Rockfall,岩石,极巨,—,—,—,8,{{招式信息框/game,,y,,yes,,,,—,,,,极巨岩石.gif,,,,,,,,,,,,,,350,,,no,,,,,,,,,
771,極巨大地,ダイアース,Max Quake,地面,极巨,—,—,—,8,{{招式信息框/game,,y,,yes,,,,—,,,,极巨大地.gif,,,,,,,,,,,,,,350,,,no,,,,,,,,,
772,極巨惡霸,ダイアーク,Max Darkness,惡,极巨,—,—,—,8,{{招式信息框/game,,y,,yes,,,,—,,,,极巨恶霸.gif,,,,,,,,,,,,,,350,,,no,,,,,,,,,
773,極巨草原,ダイソウゲン,Max Overgrowth,草,极巨,—,—,—,8,{{招式信息框/game,,y,,yes,,,,—,,,,极巨草原.gif,,,,,,,,,,,,,,350,,,no,,,,,,,,,
774,極巨鋼鐵,ダイスチル,Max Steelspike,鋼,极巨,—,—,—,8,{{招式信息框/game,,y,,yes,,,,—,,,,极巨钢铁.gif,,,,,,,,,,,,,,350,,,no,,,,,,,,,
775,魂舞烈音爆,ソウルビート,Clangorous Soul,龍,变化,5,—,100,8,{{招式信息框/game,,y,,,,,,8,,,,魂舞烈音爆 SWSH.gif,,,,,,,,,,,,,,,,,no,,,,,,,,,
776,撲擊,ボディプレス,Body Press,格斗,物理,10,80,100,8,{{招式信息框/game,,y,y,,,,,16,,,,扑击 SWSH.gif,,,,,,,,,,,,,,,,,,,,,,,,,,
777,裝飾,デコレーション,Decorate,妖精,变化,15,—,—,8,{{招式信息框/game,,y,,,,,,24,,,,装饰 SWSH.gif,,,,,,,,,,,,,,,,,no,,,,,,,,,
778,鼓擊,ドラムアタック,Drum Beating,草,物理,10,80,100,8,{{招式信息框/game,,y,,,,,,16,,,,鼓击 SWSH.gif,,,,,,,,,,,,,,,,,no,,,,,,,,,
779,捕獸夾,トラバサミ,Snap Trap,草,物理,15,35,100,8,{{招式信息框/game,,y,,,,,,24,,,,捕兽夹 SWSH.gif,,,,,,,,,,,,,,,,,no,,,,,,,,,
780,火焰球,かえんボール,Pyro Ball,火,物理,5,120,90,8,{{招式信息框/game,,y,,,,,,,,,,火焰球 SWSH.gif,,,,,,,,,,,,,,,,,no,,,,,,,,,
781,巨獸斬,きょじゅうざん,Behemoth Blade,钢,物理,5,100,100,8,{{招式信息框/game,,y,,,,,,,,,,巨兽斩 SWSH.gif,,,,,,,,,,,,,,,,,no,,,,,,,,,
782,巨獸彈,きょじゅうだん,Behemoth Bash,钢,物理,5,100,100,8,{{招式信息框/game,,y,,,,,,,,,,巨兽弹 SWSH.gif,,,,,,,,,,,,,,,280,,no,,,,,,,,,
783,氣場輪,オーラぐるま,Aura Wheel,电,物理,10,110,100,8,{{招式信息框/game,,y,,,,,,,,,,气场轮 SWSH.png,,,,,,,,,,,,,,250,,,no,,,,,,,,,
784,广域破坏,ワイドブレイカー,Breaking Swipe,龙,物理,15,60,100,8,{{招式信息框/game,,y,,,,,,,,,,广域破坏 SWSH.gif,,,,,,,,,,,,,,,,,no,,,,,,,,,
785,木枝突刺,えだづき,Branch Poke,草,物理,40,40,100,8,{{招式信息框/game,,y,,,,,,,,,,木枝突刺 SWSH.gif,,,,,,,,,,,,,,,,,no,,,,,,,,,
786,破音,オーバードライブ,Overdrive,电,特殊,10,80,100,8,{{招式信息框/game,,y,,,,,,16,,,,破音 SWSH.gif,,,,,,,,,,,,,,,,,no,,,,,,,,,
787,苹果酸,りんごさん,Apple Acid,草,特殊,10,80,100,8,{{招式信息框/game,,y,,,,,,,,,,苹果酸 SWSH.gif,,,,,,,,,,,,,,,,,no,,,,,,,,,
788,万有引力,Ｇのちから,Grav Apple,草,物理,10,80,100,8,{{招式信息框/game,,y,,,,,,,,,,万有引力 SWSH.gif,,,,,,,,,,,,,,,,,no,,,,,,,,,
789,靈魂衝擊,ソウルクラッシュ,Spirit Break,妖精,物理,15,75,100,8,{{招式信息框/game,,y,,,,,,24,,,,灵魂冲击 SWSH.gif,,,,,,,,,,,,,,,,,no,,,,,,,,,
790,神奇蒸汽,ワンダースチーム,Strange Steam,妖精,特殊,10,90,95,8,{{招式信息框/game,,y,,,,,,16,,,,神奇蒸汽 SWSH.gif,,,,,,,,,,,,,,,,,no,,,,,,,,,
791,生命水滴,いのちのしずく,Life Dew,水,变化,10,—,—,8,{{招式信息框/game,,y,y,,,,,16,,,,生命水滴 SWSH.gif,,,,,,,,,,,,,,,,,,,,,,,,,,
792,攔堵,ブロッキング,Obstruct,惡,变化,10,—,—,8,{{招式信息框/game,,y,,,,,,,,4,,拦堵 SWSH.gif,,,,,,,,,,,,,,,,,no,,,,,,,,,
793,假跪真撞,どげざつき,False Surrender,恶,物理,10,80,—,8,{{招式信息框/game,,y,,,,,,16,,,,假跪真撞 SWSH.gif,,,,,,,,,,,,,,,,,no,,,,,,,,,
794,流星突擊,スターアサルト,Meteor Assault,格鬥,物理,5,150,100,8,{{招式信息框/game,,y,,,,,,8,,,,流星突击 SWSH.gif,,,,,,,,,,,,,,,,,no,,,,,,,,,
795,无极光束,ムゲンダイビーム,Eternabeam,龍,特殊,5,160,90,8,{{招式信息框/game,,y,,,,,,,,,,无极光束 SWSH.gif,,,,,,,,,,,,,,,,,no,,,,,,,,,
796,铁蹄光线,てっていこうせん,Steel Beam,鋼,特殊,5,140,95,8,{{招式信息框/game,,y,,,,y,,,,,,铁蹄光线 SWSH.gif,,,,,,,,,,,,,,,,,no,,,,,,,,,
null,超極巨地獄滅焰,キョダイゴクエン,G-Max Wildfire,火,超极巨,—,—,—,8,{{招式信息框/game,,y,,,,,,—,,,,超极巨地狱灭焰.gif,,,,,,,,,,,,,,350,,,no,,,,,,,,yes,
null,超極巨蝶影蠱惑,キョダイコワク,G-Max Befuddle,蟲,超极巨,—,—,—,8,{{招式信息框/game,,y,,,,,,—,,,,超极巨蝶影蛊惑.gif,,,,,,,,,,,,,,350,,,no,,,,,,,,yes,
null,超極巨萬雷轟頂,キョダイバンライ,G-Max Volt Crash,電,超极巨,—,—,—,8,{{招式信息框/game,,y,,,,,,—,,,,超极巨万雷轰顶.gif,,,,,,,,,,,,,,350,,,no,,,,,,,,yes,
null,超極巨特大金幣,キョダイコバン,G-Max Gold Rush,一般,超极巨,—,—,—,8,{{招式信息框/game,,y,,,,,,—,,,,超极巨特大金币.gif,,,,,,,,,,,,,,350,,,no,,,,,,,,yes,
null,超極巨會心一擊,キョダイシンゲキ,G-Max Chi Strike,格鬥,超极巨,—,—,—,8,{{招式信息框/game,,y,,,,,,—,,,,超极巨会心一击.gif,,,,,,,,,,,,,,350,,,no,,,,,,,,yes,
null,超極巨幻影幽魂,キョダイゲンエイ,G-Max Terror,幽靈,超极巨,—,—,—,8,{{招式信息框/game,,y,,,,,,—,,,,超极巨幻影幽魂.gif,,,,,,,,,,,,,,350,,,no,,,,,,,,yes,
null,超極巨極光旋律,キョダイセンリツ,G-Max Resonance,冰,超极巨,—,—,—,8,{{招式信息框/game,,y,,,,,,—,,,,超极巨极光旋律.gif,,,,,,,,,,,,,,350,,,no,,,,,,,,yes,
null,超極巨熱情擁抱,キョダイホーヨー,G-Max Cuddle,一般,超极巨,—,—,—,8,{{招式信息框/game,,y,,,,,,—,,,,超极巨热情拥抱.gif,,,,,,,,,,,,,,350,,,no,,,,,,,,yes,
null,超極巨資源再生,キョダイサイセイ,G-Max Replenish,一般,超极巨,—,—,—,8,{{招式信息框/game,,y,,,,,,—,,,,超极巨资源再生.gif,,,,,,,,,,,,,,350px,,,no,,,,,,,,yes,
null,超極巨臭氣沖天,キョダイシュウキ,G-Max Malodor,毒,超极巨,—,—,—,8,{{招式信息框/game,,y,,,,,,—,,,,超极巨臭气冲天.png,,,,,,,,,,,,,,250,,,no,,,,,,,,yes,
null,超極巨岩陣以待,キョダイガンジン,G-Max Stonesurge,水,超极巨,—,—,—,8,{{招式信息框/game,,y,,,,,,—,,,,超極巨岩阵以待.gif,,,,,,,,,,,,,,350,,,no,,,,,,,,yes,
null,超極巨旋風襲捲,キョダイフウゲキ,G-Max Wind Rage,飛行,超极巨,—,—,—,8,{{招式信息框/game,,y,,,,,,—,,,,超极巨旋风袭卷.gif,,,,,,,,,,,,,,350,,,no,,,,,,,,yes,
null,超極巨異毒電場,キョダイカンデン,G-Max Stun Shock,電,超极巨,—,—,—,8,{{招式信息框/game,,y,,,,,,—,,,,超极巨异毒电场.gif,,,,,,,,,,,,,,350,,,no,,,,,,,,yes,
null,超極巨幸福圓滿,キョダイダンエン,G-Max Finale,妖精,超极巨,—,—,—,8,{{招式信息框/game,,y,,,,,,—,,,,超极巨幸福圆满.gif,,,,,,,,,,,,,,350,,,no,,,,,,,,yes,
null,超極巨劣化衰變,キョダイゲンスイ,G-Max Depletion,龍,超极巨,—,—,—,8,{{招式信息框/game,,y,,,,,,—,,,,超极巨劣化衰变.gif,,,,,,,,,,,,,,350,,,no,,,,,,,,yes,
null,超極巨天道七星,キョダイテンドウ,G-Max Gravitas,超能力,超极巨,—,—,—,8,{{招式信息框/game,,y,,,,,,—,,,,超极巨天道七星.gif,,,,,,,,,,,,,,350,,,no,,,,,,,,yes,
null,超極巨炎石噴發,キョダイフンセキ,G-Max Volcalith,岩石,超极巨,—,—,—,8,{{招式信息框/game,,y,,,,,,—,,,,超极巨炎石喷发.gif,,,,,,,,,,,,,,350,,,no,,,,,,,,yes,
null,超極巨沙塵漫天,キョダイサジン,G-Max Sandblast,地面,超极巨,—,—,—,8,{{招式信息框/game,,y,,,,,,—,,,,超极巨沙尘漫天.gif,,,,,,,,,,,,,,350,,,no,,,,,,,,yes,
null,超極巨睡魔降臨,キョダイスイマ,G-Max Snooze,惡,超极巨,—,—,—,8,{{招式信息框/game,,y,,,,,,—,,,,超极巨睡魔降临.gif,,,,,,,,,,,,,,350,,,no,,,,,,,,yes,
null,超極巨酸不溜丟,キョダイサンゲキ,G-Max Tartness,草,超极巨,—,—,—,8,{{招式信息框/game,,y,,,,,,—,,,,超极巨酸不溜丢.gif,,,,,,,,,,,,,,350,,,no,,,,,,,,yes,
null,超極巨瓊漿玉液,キョダイカンロ,G-Max Sweetness,草,超极巨,—,—,—,8,{{招式信息框/game,,y,,,,,,—,,,,超极巨琼浆玉液.gif,,,,,,,,,,,,,,350,,,no,,,,,,,,yes,
null,超極巨天譴雷誅,キョダイテンバツ,G-Max Smite,妖精,超极巨,—,—,—,8,{{招式信息框/game,,y,,,,,,—,,,,超极巨天谴雷诛.gif,,,,,,,,,,,,,,350,,,no,,,,,,,,yes,
null,超極巨鋼鐵陣法,キョダイコウジン,G-Max Steelsurge,鋼,超极巨,—,—,—,8,{{招式信息框/game,,y,,,,,,—,,,,超極巨钢铁阵法.gif,,,,,,,,,,,,,,350,,,no,,,,,,,,yes,
null,超極巨液金熔擊,キョダイユウゲキ,G-Max Meltdown,鋼,超极巨,—,—,—,8,{{招式信息框/game,,y,,,,,,—,,,,超极巨液金熔击.gif,,,,,,,,,,,,,,350,,,no,,,,,,,,yes,
null,超極巨激漩泡渦,キョダイホウマツ,G-Max Foam Burst,水,超极巨,—,—,—,8,{{招式信息框/game,,y,,,,,,—,,,,超极巨激漩泡涡.gif,,,,,,,,,,,,,,350,,,no,,,,,,,,yes,
null,超極巨百火焚野,キョダイヒャッカ,G-Max Centiferno,火,超极巨,—,—,—,8,{{招式信息框/game,,y,,,,,,—,,,,超极巨百火焚野.gif,,,,,,,,,,,,,,350,,,no,,,,,,,,yes,
797,广域战力,ワイドフォース,Expanding Force,超能力,特殊,10,80,100,8,{{招式信息框/game,,,,,,,,,,,,广域战力.png,,,,,,,,,,,,,,250,,,no,,,,,,,,,y
798,铁滚轮,アイアンローラー,Steel Roller,鋼,物理,5,130,100,8,{{招式信息框/game,,,,,,,,,,,,铁滚轮.png,,,,,,,,,,,,,,250,,,no,,,,,,,,,y
799,鳞射,スケイルショット,Scale Shot,龙,物理,20,25,90,8,{{招式信息框/game,,,,,130,,,,,,,鳞射（招式）.gif,,,,,,,,,,,,,,250,,,no,,,,,,,,,y
800,流星光束,メテオビーム,Meteor Beam,岩石,特殊,10,120,90,8,{{招式信息框/game,,,,,,,,,,,,流星光束.png,,,,,,,,,,,,,,250,,,no,,,,,,,,,y
801,臂贝武器,シェルアームズ,Shell Side Arm,毒,特殊,10,90,100,8,{{招式信息框/game,,,,,,,,,,,,臂贝武器.jpg,,,,,,,,,,,,,,250,,,no,,,,,,,,,y
802,薄雾炸裂,ミストバースト,Misty Explosion,妖精,特殊,5,100,100,8,{{招式信息框/game,,,,,,,,,,,,薄雾炸裂.png,,,,,,,,,,,,,,250,,,no,,,,,,,,,y
803,青草滑梯,グラススライダー,Grassy Glide,草,物理,20,70,100,8,{{招式信息框/game,,,,,,,,32,,,,青草滑梯.png,,,,,,,,,,,,,,250,,,no,,,,,,,,,y
804,电力上升,ライジングボルト,Rising Voltage,电,特殊,20,70,100,8,{{招式信息框/game,,,,,140,,,,,,,电力上升.png,,,,,,,,,,,,,,250,,,,,,,,,,,,y
805,大地波动,だいちのはどう,Terrain Pulse,一般,特殊,10,50,100,8,{{招式信息框/game,,,,,130,,,,,,,大地波动.png,,,,,,,,,,,,,,250,,,no,,,,,,,,,y
806,爬击,はいよるいちげき,Skitter Smack,虫,物理,10,70,90,8,{{招式信息框/game,,,,,,,,16,,,,爬击.png,,,,,,,,,,,,,,250,,,no,,,,,,,,,y
807,妒火,しっとのほのお,Burning Jealousy,火,特殊,5,70,100,8,{{招式信息框/game,,,,,,,,8,,,,妒火.png,,,,,,,,,,,,,,250,,,no,,,,,,,,,y
808,泄愤,うっぷんばらし,Lash Out,恶,物理,5,75,100,8,{{招式信息框/game,,,,,,,,8,,,,泄愤.png,,,,,,,,,,,,,,250,,,no,,,,,,,,,y
809,灵骚,ポルターガイスト,Poltergeist,幽灵,物理,5,110,90,8,{{招式信息框/game,,,,,,,,,,,,灵骚.png,,,,,,,,,,,,,,250,,,no,,,,,,,,,y
810,腐蚀气体,ふしょくガス,Corrosive Gas,毒,变化,40,—,—,8,{{招式信息框/game,,,,,,,,,,,,腐蚀气体.png,,,,,,,,,,,,,,250,,,no,,,,,,,,,y
811,指导,コーチング,Coaching,格斗,变化,10,—,—,8,{{招式信息框/game,,,,,,,,,,,,指导.png,,,,,,,,,,,,,,250,,,no,,,,,,,,,y
797,快速折返,クイックターン,Flip Turn,水,物理,20,60,100,8,{{招式信息框/game,,,,no,,,,,,,,快速折返.png,,,,,,,,,,,,,,250,,,no,,,,,,,,,y
813,三旋击,トリプルアクセル,Triple Axel,冰,物理,10,20,90,8,{{招式信息框/game,,,,,140,,,,,,,三旋击.png,,,,,,,,,,,,,,250,,,no,,,,,,,,,y
814,双翼,ダブルウイング,Dual Wingbeat,飞行,物理,10,40,90,8,{{招式信息框/game,,,,,130,,,,,,,双翼.png,,,,,,,,,,,,,,250,,,no,,,,,,,,,y
815,热沙大地,ねっさのだいち,Scorching Sands,地面,特殊,10,70,100,8,{{招式信息框/game,,,,,,,,,,,,热沙大地.png,,,,,,,,,,,,,,250,,,no,,,,,,,,,y
797,丛林治疗,ジャングルヒール,Jungle Healing,草,变化,10,—,—,8,{{招式信息框/game,,,,,,,,16,,,,丛林治疗（招式）.jpg,,,,,,,,,,,,,,200,,,,,,,,,,,,y
817,暗冥強擊,あんこくきょうだ,Wicked Blow,惡,物理,5,80,100,8,{{招式信息框/game,,,,,,,,,,,暗冥強擊2.png,暗冥強擊.png,,,,,,,,,,,,,,250,250,,no,,,,,,,,,y
818,水流連打,すいりゅうれんだ,Surging Strikes,水,物理,5,25,100,8,{{招式信息框/game,,,,,,,,8,,,水流連打2.png,水流連打.jpg,,,,,,,,,,,,,,250,250,,no,,,,,,,,,y
null,超极巨狂擂乱打,キョダイコランダ,G-Max Drum Solo,草,超极巨,—,160,—,8,{{招式信息框/game,,,,,,,,—,,,,超极巨狂擂乱打.gif,,,,,,,,,,,,,,350,,,no,,,,,,,,yes,y
null,超极巨破阵火球,キョダイカキュウ,G-Max Fireball,火,超极巨,—,160,—,8,{{招式信息框/game,,,,,,,,—,,,,超极巨破阵火球.gif,,,,,,,,,,,,,,350,,,no,,,,,,,,yes,y
null,超极巨狙击神射,キョダイソゲキ,G-Max Hydrosnipe,水,超极巨,—,160,—,8,{{招式信息框/game,,,,,,,,—,,,,超极巨狙击神射.gif,,,,,,,,,,,,,,350,,,no,,,,,,,,yes,y
null,超极巨灰飞鞭灭,キョダイベンタツ,G-Max Vine Lash,草,超极巨,—,—,—,8,{{招式信息框/game,,,,,,,,—,,,,超极巨灰飞鞭灭.gif,,,,,,,,,,,,,,350,,,no,,,,,,,,yes,y
null,超極巨水砲轟滅,キョダイホウゲキ,G-Max Cannonade,水,超极巨,—,—,—,8,{{招式信息框/game,,,,,,,,—,,,,超极巨水砲轰灭.gif,,,,,,,,,,,,,,350,,,no,,,,,,,,yes,y
null,超极巨夺命一击,キョダイイチゲキ,G-Max One Blow,恶,超极巨,—,—,—,8,{{招式信息框/game,,,,,,,,—,,,,超极巨夺命一击.gif,,,,,,,,,,,,,,350,,,no,,,,,,,,yes,y
null,超极巨流水连击,キョダイレンゲキ,G-Max Rapid Flow,水,超极巨,—,—,—,8,{{招式信息框/game,,,,,,,,—,,,,超极巨流水连击.gif,,,,,,,,,,,,,,350,,,no,,,,,,,,yes,y
819,雷電囚籠,サンダープリズン,Thunder Cage,電,特殊,15,80,90,8,{{招式信息框/game,,,,,,,,,,,,雷電囚籠.jpg,,,,,,,,,,,,,,250,,,no,,,,,,,,,y
820,巨龍威能,ドラゴンエナジー,Dragon Energy,龍,特殊,5,150,100,8,{{招式信息框/game,,,,,,,,8,,,,巨龙威能 SWSH.gif,,,,,,,,,,,,,,280,,,no,,,,,,,,,y
821,冰冷視線,いてつくしせん,Freezing Glare,超能力,特殊,10,90,100,8,{{招式信息框/game,,,,,,,,,,,,冰冷视线（招式）.gif,,,,,,,,,,,,,,250,,,no,,,,,,,,,y
822,怒火中燒,もえあがるいかり,Fiery Wrath,惡,特殊,10,90,100,8,{{招式信息框/game,,,,,,,,,,,,怒火中烧（招式）.gif,,,,,,,,,,,,,,250,,,no,,,,,,,,,y
823,雷鳴蹴擊,らいめいげり,Thunderous Kick,格鬥,物理,10,90,100,8,{{招式信息框/game,,,,,,,,,,,,雷鸣蹴击（招式）.gif,,,,,,,,,,,,,,250,,,no,,,,,,,,,y
824,雪矛,ブリザードランス,Glacial Lance,冰,物理,5,130,100,8,{{招式信息框/game,,,,,,,,,,,,雪矛.png,,,,,,,,,,,,,,280,,,no,,,,,,,,,y
825,星碎,アストラルビット,Astral Barrage,幽灵,特殊,5,120,100,8,{{招式信息框/game,,,,,,,,,,,星碎2.png,星碎.png,,,,,,,,,,,,,,280,250,,no,,,,,,,,,y
826,诡异咒语,ぶきみなじゅもん,Eerie Spell,超能力,特殊,5,80,100,8,{{招式信息框/game,,,,,,,,,,,,诡异咒语（招式）.gif,,,,,,,,,,,,,,250,,,no,,,,,,,,,y
827,克命爪,フェイタルクロー,Dire Claw,毒,物理,15,60,100,8,{{招式信息框/game,,,,no,,y,,,,,,克命爪（招式）.gif,,,,,,,,,,,,,,250,,,no,,,,,,,,,
828,屏障猛攻,バリアーラッシュ,Psyshield Bash,超能力,物理,10,70,90,8,{{招式信息框/game,,,,no,,y,,,,,,屏障猛攻（招式）.gif,,,,,,,,,,,,,,250,,,no,,,,,,,,,
829,力量转换,パワーシフト,Power Shift,一般,变化,10,—,—,8,{{招式信息框/game,,,,no,,y,,,,,,力量转换（招式）.gif,,,,,,,,,,,,,,250,,,no,,,,,,,,,
830,岩斧,がんせきアックス,Stone Axe,岩石,物理,15,65,90,8,{{招式信息框/game,,,,no,,y,,,,,,岩斧（招式）.gif,,,,,,,,,,,,,,250,,,no,,,,,,,,,
831,阳春风暴,はるのあらし,Springtide Storm,妖精,特殊,5,95,80,8,{{招式信息框/game,,,,no,,y,,,,,,阳春风暴（招式）.gif,,,,,,,,,,,,,,250,,,no,,,,,,,,,
832,神秘之力,しんぴのちから,Mystical Power,超能力,特殊,10,70,90,8,{{招式信息框/game,,,,no,,y,,,,,,神秘之力（招式）.gif,,,,,,,,,,,,,,250,,,no,,,,,,,,,
833,大愤慨,だいふんげき,Raging Fury,火,物理,10,90,85,8,{{招式信息框/game,,,,no,,y,,,,,,大愤慨（招式）.gif,,,,,,,,,,,,,,250,,,no,,,,,,,,,
834,波动冲,ウェーブタックル,Wave Crash,水,物理,10,75,100,8,{{招式信息框/game,,,,no,,y,,,,,,波动冲（招式）.gif,,,,,,,,,,,,,,250,,,no,,,,,,,,,
835,叶绿爆震,クロロブラスト,Chloroblast,草,特殊,5,120,95,8,{{招式信息框/game,,,,no,,y,,,,,,叶绿爆震（招式）.gif,,,,,,,,,,,,,,250,,,no,,,,,,,,,
836,冰山风,ひょうざんおろし,Mountain Gale,冰,物理,5,100,85,8,{{招式信息框/game,,,,no,,y,,,,,,冰山风（招式）.gif,,,,,,,,,,,,,,250,,,no,,,,,,,,,
837,胜利之舞,しょうりのまい,Victory Dance,格斗,变化,10,—,—,8,{{招式信息框/game,,,,no,,y,,,,,,胜利之舞（招式）.gif,,,,,,,,,,,,,,250,,,no,,,,,,,,,
838,突飞猛扑,ぶちかまし,Headlong Rush,地面,物理,5,100,100,8,{{招式信息框/game,,,,no,,y,,,,,,突飞猛扑（招式）.gif,,,,,,,,,,,,,,250,,,no,,,,,,,,,
839,毒千针,どくばりセンボン,Barb Barrage,毒,物理,15,60,100,8,{{招式信息框/game,,,,no,,y,,,,,,毒千针（招式）.gif,,,,,,,,,,,,,,250,,,no,,,,,,,,,
840,气场之翼,オーラウイング,Esper Wing,超能力,特殊,10,75,90,8,{{招式信息框/game,,,,no,,y,,,,,,气场之翼（招式）.gif,,,,,,,,,,,,,,250,,,no,,,,,,,,,
841,冤冤相报,うらみつらみ,Bitter Malice,幽灵,特殊,15,60,100,8,{{招式信息框/game,,,,no,,y,,,,,,冤冤相报（招式）.gif,,,,,,,,,,,,,,250,,,no,,,,,,,,,
842,闭关,たてこもる,Shelter,钢,变化,10,—,—,8,{{招式信息框/game,,,,no,,y,,,,,,闭关（招式）.gif,,,,,,,,,,,,,,250,,,no,,,,,,,,,
843,三连箭,３ぼんのや,Triple Arrows,格斗,物理,15,50,100,8,{{招式信息框/game,,,,no,,y,,,,,,三连箭（招式）.gif,,,,,,,,,,,,,,250,,,no,,,,,,,,,
844,群魔乱舞,ひゃっきやこう,Infernal Parade,幽灵,特殊,15,60,100,8,{{招式信息框/game,,,,no,,y,,,,,,群魔乱舞（招式）.gif,,,,,,,,,,,,,,250,,,no,,,,,,,,,
845,秘剑・千重涛,ひけん・ちえなみ,Ceaseless Edge,恶,物理,15,65,90,8,{{招式信息框/game,,,,no,,y,,,,,,秘剑・千重涛（招式）.gif,,,,,,,,,,,,,,250,,,no,,,,,,,,,
846,枯叶风暴,こがらしあらし,Bleakwind Storm,飞行,特殊,5,95,80,8,{{招式信息框/game,,,,no,,y,,,,,,枯叶风暴（招式）.gif,,,,,,,,,,,,,,250,,,no,,,,,,,,,
847,鸣雷风暴,かみなりあらし,Wildbolt Storm,电,特殊,5,95,80,8,{{招式信息框/game,,,,no,,y,,,,,,鸣雷风暴（招式）.gif,,,,,,,,,,,,,,250,,,no,,,,,,,,,
848,热沙风暴,ねっさのあらし,Sandsear Storm,地面,特殊,5,95,80,8,{{招式信息框/game,,,,no,,y,,,,,,热沙风暴（招式）.gif,,,,,,,,,,,,,,250,,,no,,,,,,,,,
849,新月祈祷,みかづきのいのり,Lunar Blessing,超能力,变化,10,—,—,8,{{招式信息框/game,,,,no,,y,,,,,,新月祈祷（招式）.gif,,,,,,,,,,,,,,250,,,no,,,,,,,,,
850,勇气填充,ブレイブチャージ,Take Heart,超能力,变化,10,—,—,8,{{招式信息框/game,,,,no,,y,,,,,,勇气填充（招式）.gif,,,,,,,,,,,,,,250,,,no,,,,,,,,,
